6750826021842, ACC_UN, -0.215347290, -0.093322754, 10.181457520, 0.000000000, 0.000000000, 0.000000000
6750828432731, ACC_UN, -0.215347290, -0.093322754, 10.181457520, 0.000000000, 0.000000000, 0.000000000
6750830874137, ACC_UN, -0.215347290, -0.093322754, 10.181457520, 0.000000000, 0.000000000, 0.000000000
6750826021842, GYRO_UN, -0.054367065, -0.023223877, 0.067794800, 0.008666992, -0.008666992, -0.018753052
6750828432731, GYRO_UN, -0.054367065, -0.023223877, 0.067794800, 0.008666992, -0.008666992, -0.018753052
6750830874137, GYRO_UN, -0.054367065, -0.023223877, 0.067794800, 0.008666992, -0.008666992, -0.018753052
6750827913932, MAG_UN, 92.071533203, -52.561950684, -42.684936523, 87.498474121, -20.954895020, 5.076599121
6750833315543, ACC_UN, -0.215347290, -0.093322754, 10.181457520, 0.000000000, 0.000000000, 0.000000000
6750833315543, GYRO_UN, -0.054367065, -0.023223877, 0.067794800, 0.008666992, -0.008666992, -0.018753052
6750835756949, ACC_UN, -0.220138550, -0.093322754, 10.159927368, 0.000000000, 0.000000000, 0.000000000
6750835756949, GYRO_UN, 0.006103516, -0.009170532, -0.019546509, 0.008666992, -0.008666992, -0.018753052
6750838228873, ACC_UN, -0.241668701, -0.093322754, 10.157531738, 0.000000000, 0.000000000, 0.000000000
6750838228873, GYRO_UN, 0.007324219, -0.006118774, -0.020782471, 0.008666992, -0.008666992, -0.018753052
6750840700797, ACC_UN, -0.234497070, -0.093322754, 10.164718628, 0.000000000, 0.000000000, 0.000000000
6750840700797, GYRO_UN, 0.006698608, -0.007339478, -0.020782471, 0.008666992, -0.008666992, -0.018753052
6750843172721, ACC_UN, -0.215347290, -0.102890015, 10.167098999, 0.000000000, 0.000000000, 0.000000000
6750843172721, GYRO_UN, 0.009155273, -0.008560181, -0.020782471, 0.008666992, -0.008666992, -0.018753052
6750845644645, ACC_UN, -0.215347290, -0.090927124, 10.188644409, 0.000000000, 0.000000000, 0.000000000
6750845644645, GYRO_UN, 0.007324219, -0.006713867, -0.018936157, 0.008666992, -0.008666992, -0.018753052
6750848086051, ACC_UN, -0.234497070, -0.074172974, 10.212570190, 0.000000000, 0.000000000, 0.000000000
6750848086051, GYRO_UN, 0.006103516, -0.007339478, -0.018936157, 0.008666992, -0.008666992, -0.018753052
6750850557975, ACC_UN, -0.224929810, -0.078964233, 10.207778931, 0.000000000, 0.000000000, 0.000000000
6750850557975, GYRO_UN, 0.008544922, -0.009170532, -0.020156860, 0.008666992, -0.008666992, -0.018753052
6750849001578, MAG_UN, 91.166687012, -52.368164063, -42.755889893, 87.498474121, -20.954895020, 5.076599121
6750853029899, ACC_UN, -0.227325439, -0.071777344, 10.188644409, 0.000000000, 0.000000000, 0.000000000
6750853029899, GYRO_UN, 0.009155273, -0.007934570, -0.020156860, 0.008666992, -0.008666992, -0.018753052
6750855471305, ACC_UN, -0.210571289, -0.098098755, 10.171890259, 0.000000000, 0.000000000, 0.000000000
6750855471305, GYRO_UN, 0.007324219, -0.007339478, -0.018325806, 0.008666992, -0.008666992, -0.018753052
6750857943229, ACC_UN, -0.220138550, -0.090927124, 10.198211670, 0.000000000, 0.000000000, 0.000000000
6750857943229, GYRO_UN, 0.007919312, -0.005493164, -0.019546509, 0.008666992, -0.008666992, -0.018753052
6750860384635, ACC_UN, -0.222534180, -0.102890015, 10.210174561, 0.000000000, 0.000000000, 0.000000000
6750860384635, GYRO_UN, 0.006698608, -0.006713867, -0.018936157, 0.008666992, -0.008666992, -0.018753052
6750862856559, ACC_UN, -0.198608398, -0.102890015, 10.198211670, 0.000000000, 0.000000000, 0.000000000
6750862856559, GYRO_UN, 0.007919312, -0.008560181, -0.019546509, 0.008666992, -0.008666992, -0.018753052
6750865328483, ACC_UN, -0.201004028, -0.088531494, 10.195816040, 0.000000000, 0.000000000, 0.000000000
6750865328483, GYRO_UN, 0.007919312, -0.009170532, -0.018325806, 0.008666992, -0.008666992, -0.018753052
6750867769889, ACC_UN, -0.217742920, -0.114852905, 10.198211670, 0.000000000, 0.000000000, 0.000000000
6750867769889, GYRO_UN, 0.007919312, -0.008560181, -0.020156860, 0.008666992, -0.008666992, -0.018753052
6750870241813, ACC_UN, -0.205780029, -0.105285645, 10.214965820, 0.000000000, 0.000000000, 0.000000000
6750870241813, GYRO_UN, 0.007324219, -0.007934570, -0.021377563, 0.008666992, -0.008666992, -0.018753052
6750869509391, MAG_UN, 91.304016113, -52.834064484, -42.880756378, 87.498474121, -20.954895020, 5.076599121
6750872713736, ACC_UN, -0.229705811, -0.102890015, 10.207778931, 0.000000000, 0.000000000, 0.000000000
6750872713736, GYRO_UN, 0.007324219, -0.006713867, -0.019546509, 0.008666992, -0.008666992, -0.018753052
6750875155143, ACC_UN, -0.215347290, -0.093322754, 10.191040039, 0.000000000, 0.000000000, 0.000000000
6750875155143, GYRO_UN, 0.007324219, -0.007934570, -0.019546509, 0.008666992, -0.008666992, -0.018753052
6750877627067, ACC_UN, -0.215347290, -0.083755493, 10.169494629, 0.000000000, 0.000000000, 0.000000000
6750877627067, GYRO_UN, 0.007919312, -0.007934570, -0.019546509, 0.008666992, -0.008666992, -0.018753052
6750880098990, ACC_UN, -0.222534180, -0.088531494, 10.174285889, 0.000000000, 0.000000000, 0.000000000
6750880098990, GYRO_UN, 0.007919312, -0.007339478, -0.019546509, 0.008666992, -0.008666992, -0.018753052
6750882540397, ACC_UN, -0.227325439, -0.088531494, 10.171890259, 0.000000000, 0.000000000, 0.000000000
6750882540397, GYRO_UN, 0.007919312, -0.007339478, -0.018325806, 0.008666992, -0.008666992, -0.018753052
6750885012320, ACC_UN, -0.212966919, -0.093322754, 10.186248779, 0.000000000, 0.000000000, 0.000000000
6750885012320, GYRO_UN, 0.007324219, -0.007934570, -0.020156860, 0.008666992, -0.008666992, -0.018753052
6750887453727, ACC_UN, -0.227325439, -0.076568604, 10.186248779, 0.000000000, 0.000000000, 0.000000000
6750887453727, GYRO_UN, 0.007324219, -0.007934570, -0.020782471, 0.008666992, -0.008666992, -0.018753052
6750889925651, ACC_UN, -0.215347290, -0.083755493, 10.200607300, 0.000000000, 0.000000000, 0.000000000
6750889925651, GYRO_UN, 0.007919312, -0.009780884, -0.019546509, 0.008666992, -0.008666992, -0.018753052
6750889040641, MAG_UN, 91.112136841, -52.889633179, -42.867660522, 87.498474121, -20.954895020, 5.076599121
6750892397574, ACC_UN, -0.222534180, -0.083755493, 10.181457520, 0.000000000, 0.000000000, 0.000000000
6750892397574, GYRO_UN, 0.008544922, -0.009170532, -0.019546509, 0.008666992, -0.008666992, -0.018753052
6750894838981, ACC_UN, -0.212966919, -0.088531494, 10.164718628, 0.000000000, 0.000000000, 0.000000000
6750894838981, GYRO_UN, 0.007919312, -0.008560181, -0.019546509, 0.008666992, -0.008666992, -0.018753052
6750897310904, ACC_UN, -0.217742920, -0.102890015, 10.186248779, 0.000000000, 0.000000000, 0.000000000
6750897310904, GYRO_UN, 0.008544922, -0.007934570, -0.018936157, 0.008666992, -0.008666992, -0.018753052
6750899782828, ACC_UN, -0.215347290, -0.095718384, 10.191040039, 0.000000000, 0.000000000, 0.000000000
6750899782828, GYRO_UN, 0.007919312, -0.007339478, -0.018936157, 0.008666992, -0.008666992, -0.018753052
6750902224235, ACC_UN, -0.217742920, -0.100494385, 10.214965820, 0.000000000, 0.000000000, 0.000000000
6750902224235, GYRO_UN, 0.007324219, -0.007339478, -0.019546509, 0.008666992, -0.008666992, -0.018753052
6750904696158, ACC_UN, -0.212966919, -0.083755493, 10.217346191, 0.000000000, 0.000000000, 0.000000000
6750904696158, GYRO_UN, 0.007324219, -0.007339478, -0.017715454, 0.008666992, -0.008666992, -0.018753052
6750907137565, ACC_UN, -0.210571289, -0.095718384, 10.229324341, 0.000000000, 0.000000000, 0.000000000
6750907137565, GYRO_UN, 0.006698608, -0.007339478, -0.018325806, 0.008666992, -0.008666992, -0.018753052
6750909609488, ACC_UN, -0.210571289, -0.102890015, 10.231704712, 0.000000000, 0.000000000, 0.000000000
6750909609488, GYRO_UN, 0.007919312, -0.008560181, -0.019546509, 0.008666992, -0.008666992, -0.018753052
6750890932731, BARO, 984.0386
6750907717399, MAG_UN, 91.268920898, -52.774047852, -43.164825439, 87.498474121, -20.954895020, 5.076599121
6750912081412, ACC_UN, -0.203384399, -0.100494385, 10.226928711, 0.000000000, 0.000000000, 0.000000000
6750912081412, GYRO_UN, 0.006698608, -0.006118774, -0.019546509, 0.008666992, -0.008666992, -0.018753052
6750914522819, ACC_UN, -0.208175659, -0.078964233, 10.214965820, 0.000000000, 0.000000000, 0.000000000
6750914522819, GYRO_UN, 0.009155273, -0.007934570, -0.020156860, 0.008666992, -0.008666992, -0.018753052
6750916994742, ACC_UN, -0.227325439, -0.088531494, 10.188644409, 0.000000000, 0.000000000, 0.000000000
6750916994742, GYRO_UN, 0.007919312, -0.007934570, -0.019546509, 0.008666992, -0.008666992, -0.018753052
6750919466666, ACC_UN, -0.217742920, -0.102890015, 10.193420410, 0.000000000, 0.000000000, 0.000000000
6750919466666, GYRO_UN, 0.009155273, -0.007339478, -0.018936157, 0.008666992, -0.008666992, -0.018753052
6750921908072, ACC_UN, -0.236892700, -0.090927124, 10.205383301, 0.000000000, 0.000000000, 0.000000000
6750921908072, GYRO_UN, 0.009155273, -0.009780884, -0.018325806, 0.008666992, -0.008666992, -0.018753052
6750924379996, ACC_UN, -0.201004028, -0.107681274, 10.222137451, 0.000000000, 0.000000000, 0.000000000
6750924379996, GYRO_UN, 0.008544922, -0.007934570, -0.018936157, 0.008666992, -0.008666992, -0.018753052
6750926851920, ACC_UN, -0.227325439, -0.112457275, 10.195816040, 0.000000000, 0.000000000, 0.000000000
6750926851920, GYRO_UN, 0.010375977, -0.007339478, -0.018936157, 0.008666992, -0.008666992, -0.018753052
6750929293326, ACC_UN, -0.224929810, -0.095718384, 10.167098999, 0.000000000, 0.000000000, 0.000000000
6750929293326, GYRO_UN, 0.008544922, -0.007339478, -0.018936157, 0.008666992, -0.008666992, -0.018753052
6750924257926, BARO, 984.01074
6750927736930, MAG_UN, 91.572189331, -52.801895142, -43.202590942, 87.498474121, -20.954895020, 5.076599121
6750931765250, ACC_UN, -0.210571289, -0.105285645, 10.186248779, 0.000000000, 0.000000000, 0.000000000
6750931765250, GYRO_UN, 0.008544922, -0.008560181, -0.020156860, 0.008666992, -0.008666992, -0.018753052
6750934206656, ACC_UN, -0.203384399, -0.102890015, 10.176681519, 0.000000000, 0.000000000, 0.000000000
6750934206656, GYRO_UN, 0.006698608, -0.008560181, -0.018325806, 0.008666992, -0.008666992, -0.018753052
6750936678580, ACC_UN, -0.198608398, -0.098098755, 10.188644409, 0.000000000, 0.000000000, 0.000000000
6750936678580, GYRO_UN, 0.007919312, -0.009780884, -0.018936157, 0.008666992, -0.008666992, -0.018753052
6750939150504, ACC_UN, -0.198608398, -0.093322754, 10.198211670, 0.000000000, 0.000000000, 0.000000000
6750939150504, GYRO_UN, 0.007919312, -0.006713867, -0.018936157, 0.008666992, -0.008666992, -0.018753052
6750941591910, ACC_UN, -0.217742920, -0.081359863, 10.191040039, 0.000000000, 0.000000000, 0.000000000
6750941591910, GYRO_UN, 0.008544922, -0.007934570, -0.020156860, 0.008666992, -0.008666992, -0.018753052
6750944063834, ACC_UN, -0.212966919, -0.090927124, 10.207778931, 0.000000000, 0.000000000, 0.000000000
6750944063834, GYRO_UN, 0.007919312, -0.009780884, -0.018325806, 0.008666992, -0.008666992, -0.018753052
6750946535758, ACC_UN, -0.201004028, -0.086135864, 10.198211670, 0.000000000, 0.000000000, 0.000000000
6750946535758, GYRO_UN, 0.006698608, -0.007934570, -0.017715454, 0.008666992, -0.008666992, -0.018753052
6750948977164, ACC_UN, -0.203384399, -0.095718384, 10.217346191, 0.000000000, 0.000000000, 0.000000000
6750948977164, GYRO_UN, 0.007919312, -0.007934570, -0.018936157, 0.008666992, -0.008666992, -0.018753052
6750947695426, MAG_UN, 91.429138184, -52.509307861, -43.090438843, 87.498474121, -20.954895020, 5.076599121
6750951449088, ACC_UN, -0.208175659, -0.090927124, 10.212570190, 0.000000000, 0.000000000, 0.000000000
6750951449088, GYRO_UN, 0.007919312, -0.009780884, -0.018936157, 0.008666992, -0.008666992, -0.018753052
6750953921012, ACC_UN, -0.198608398, -0.086135864, 10.195816040, 0.000000000, 0.000000000, 0.000000000
6750953921012, GYRO_UN, 0.007324219, -0.011001587, -0.019546509, 0.008666992, -0.008666992, -0.018753052
6750956362418, ACC_UN, -0.217742920, -0.078964233, 10.205383301, 0.000000000, 0.000000000, 0.000000000
6750956362418, GYRO_UN, 0.007919312, -0.007934570, -0.018325806, 0.008666992, -0.008666992, -0.018753052
6750958834342, ACC_UN, -0.212966919, -0.088531494, 10.214965820, 0.000000000, 0.000000000, 0.000000000
6750958834342, GYRO_UN, 0.008544922, -0.009170532, -0.019546509, 0.008666992, -0.008666992, -0.018753052
6750961275748, ACC_UN, -0.215347290, -0.078964233, 10.222137451, 0.000000000, 0.000000000, 0.000000000
6750961275748, GYRO_UN, 0.007919312, -0.009780884, -0.018936157, 0.008666992, -0.008666992, -0.018753052
6750963747672, ACC_UN, -0.217742920, -0.100494385, 10.224533081, 0.000000000, 0.000000000, 0.000000000
6750963747672, GYRO_UN, 0.007324219, -0.009170532, -0.017715454, 0.008666992, -0.008666992, -0.018753052
6750966219596, ACC_UN, -0.222534180, -0.081359863, 10.219741821, 0.000000000, 0.000000000, 0.000000000
6750966219596, GYRO_UN, 0.007919312, -0.007934570, -0.019546509, 0.008666992, -0.008666992, -0.018753052
6750968661002, ACC_UN, -0.220138550, -0.081359863, 10.200607300, 0.000000000, 0.000000000, 0.000000000
6750968661002, GYRO_UN, 0.009155273, -0.007339478, -0.019546509, 0.008666992, -0.008666992, -0.018753052
6750957583121, BARO, 984.0015
6750971132926, ACC_UN, -0.239288330, -0.105285645, 10.205383301, 0.000000000, 0.000000000, 0.000000000
6750971132926, GYRO_UN, 0.008544922, -0.010391235, -0.020782471, 0.008666992, -0.008666992, -0.018753052
6750968020133, MAG_UN, 91.387557983, -52.659606934, -43.313980103, 87.498474121, -20.954895020, 5.076599121
6750973604850, ACC_UN, -0.222534180, -0.110076904, 10.219741821, 0.000000000, 0.000000000, 0.000000000
6750973604850, GYRO_UN, 0.006698608, -0.007934570, -0.018936157, 0.008666992, -0.008666992, -0.018753052
6750976046256, ACC_UN, -0.203384399, -0.090927124, 10.214965820, 0.000000000, 0.000000000, 0.000000000
6750976046256, GYRO_UN, 0.008544922, -0.006713867, -0.020782471, 0.008666992, -0.008666992, -0.018753052
6750978518180, ACC_UN, -0.203384399, -0.100494385, 10.212570190, 0.000000000, 0.000000000, 0.000000000
6750978518180, GYRO_UN, 0.009155273, -0.008560181, -0.020156860, 0.008666992, -0.008666992, -0.018753052
6750980990104, ACC_UN, -0.203384399, -0.088531494, 10.195816040, 0.000000000, 0.000000000, 0.000000000
6750980990104, GYRO_UN, 0.009155273, -0.010391235, -0.019546509, 0.008666992, -0.008666992, -0.018753052
6750983431510, ACC_UN, -0.205780029, -0.093322754, 10.183853149, 0.000000000, 0.000000000, 0.000000000
6750983431510, GYRO_UN, 0.009155273, -0.007934570, -0.019546509, 0.008666992, -0.008666992, -0.018753052
6750985903434, ACC_UN, -0.191421509, -0.088531494, 10.171890259, 0.000000000, 0.000000000, 0.000000000
6750985903434, GYRO_UN, 0.009155273, -0.009170532, -0.019546509, 0.008666992, -0.008666992, -0.018753052
6750988344840, ACC_UN, -0.212966919, -0.086135864, 10.176681519, 0.000000000, 0.000000000, 0.000000000
6750988344840, GYRO_UN, 0.007324219, -0.006713867, -0.018936157, 0.008666992, -0.008666992, -0.018753052
6750990816764, ACC_UN, -0.215347290, -0.093322754, 10.219741821, 0.000000000, 0.000000000, 0.000000000
6750990816764, GYRO_UN, 0.007324219, -0.009170532, -0.019546509, 0.008666992, -0.008666992, -0.018753052
6750987978629, MAG_UN, 91.044998169, -52.670288086, -43.238449097, 87.498474121, -20.954895020, 5.076599121
6750993288688, ACC_UN, -0.220138550, -0.074172974, 10.217346191, 0.000000000, 0.000000000, 0.000000000
6750993288688, GYRO_UN, 0.006698608, -0.007934570, -0.019546509, 0.008666992, -0.008666992, -0.018753052
6750995730094, ACC_UN, -0.227325439, -0.090927124, 10.236495972, 0.000000000, 0.000000000, 0.000000000
6750995730094, GYRO_UN, 0.008544922, -0.007934570, -0.018936157, 0.008666992, -0.008666992, -0.018753052
6750998202018, ACC_UN, -0.196212769, -0.102890015, 10.195816040, 0.000000000, 0.000000000, 0.000000000
6750998202018, GYRO_UN, 0.009765625, -0.009780884, -0.019546509, 0.008666992, -0.008666992, -0.018753052
6751000673942, ACC_UN, -0.215347290, -0.098098755, 10.193420410, 0.000000000, 0.000000000, 0.000000000
6751000673942, GYRO_UN, 0.008544922, -0.008560181, -0.019546509, 0.008666992, -0.008666992, -0.018753052
6751003115348, ACC_UN, -0.217742920, -0.088531494, 10.191040039, 0.000000000, 0.000000000, 0.000000000
6751003115348, GYRO_UN, 0.008544922, -0.008560181, -0.019546509, 0.008666992, -0.008666992, -0.018753052
6751005587272, ACC_UN, -0.215347290, -0.086135864, 10.210174561, 0.000000000, 0.000000000, 0.000000000
6751005587272, GYRO_UN, 0.008544922, -0.007934570, -0.019546509, 0.008666992, -0.008666992, -0.018753052
6751008059195, ACC_UN, -0.217742920, -0.102890015, 10.234100342, 0.000000000, 0.000000000, 0.000000000
6751008059195, GYRO_UN, 0.007919312, -0.007934570, -0.018325806, 0.008666992, -0.008666992, -0.018753052
6751010500602, ACC_UN, -0.232101440, -0.083755493, 10.210174561, 0.000000000, 0.000000000, 0.000000000
6751010500602, GYRO_UN, 0.008544922, -0.007934570, -0.017715454, 0.008666992, -0.008666992, -0.018753052
6750990908317, BARO, 984.0122
6751008181266, MAG_UN, 91.150283813, -52.963638306, -43.462753296, 87.498474121, -20.954895020, 5.076599121
6751012972526, ACC_UN, -0.222534180, -0.078964233, 10.198211670, 0.000000000, 0.000000000, 0.000000000
6751012972526, GYRO_UN, 0.008544922, -0.009170532, -0.019546509, 0.008666992, -0.008666992, -0.018753052
6751015413932, ACC_UN, -0.222534180, -0.095718384, 10.181457520, 0.000000000, 0.000000000, 0.000000000
6751015413932, GYRO_UN, 0.009155273, -0.008560181, -0.018936157, 0.008666992, -0.008666992, -0.018753052
6751017885856, ACC_UN, -0.203384399, -0.105285645, 10.191040039, 0.000000000, 0.000000000, 0.000000000
6751017885856, GYRO_UN, 0.007324219, -0.008560181, -0.017715454, 0.008666992, -0.008666992, -0.018753052
6751020357779, ACC_UN, -0.212966919, -0.095718384, 10.217346191, 0.000000000, 0.000000000, 0.000000000
6751020357779, GYRO_UN, 0.007324219, -0.007934570, -0.018936157, 0.008666992, -0.008666992, -0.018753052
6751022799186, ACC_UN, -0.220138550, -0.110076904, 10.224533081, 0.000000000, 0.000000000, 0.000000000
6751022799186, GYRO_UN, 0.009765625, -0.009170532, -0.019546509, 0.008666992, -0.008666992, -0.018753052
6751025271110, ACC_UN, -0.212966919, -0.093322754, 10.231704712, 0.000000000, 0.000000000, 0.000000000
6751025271110, GYRO_UN, 0.008544922, -0.009170532, -0.018936157, 0.008666992, -0.008666992, -0.018753052
6751027743033, ACC_UN, -0.208175659, -0.098098755, 10.222137451, 0.000000000, 0.000000000, 0.000000000
6751027743033, GYRO_UN, 0.009765625, -0.007934570, -0.017105103, 0.008666992, -0.008666992, -0.018753052
6751030184440, ACC_UN, -0.210571289, -0.093322754, 10.214965820, 0.000000000, 0.000000000, 0.000000000
6751030184440, GYRO_UN, 0.009155273, -0.011001587, -0.018325806, 0.008666992, -0.008666992, -0.018753052
6751024233512, BARO, 984.01544
6751028200797, MAG_UN, 91.416549683, -52.955245972, -43.537521362, 87.498474121, -20.954895020, 5.076599121
6751032656363, ACC_UN, -0.229705811, -0.100494385, 10.198211670, 0.000000000, 0.000000000, 0.000000000
6751032656363, GYRO_UN, 0.008544922, -0.009780884, -0.019546509, 0.008666992, -0.008666992, -0.018753052
6751035128287, ACC_UN, -0.222534180, -0.090927124, 10.212570190, 0.000000000, 0.000000000, 0.000000000
6751035128287, GYRO_UN, 0.007324219, -0.007934570, -0.018936157, 0.008666992, -0.008666992, -0.018753052
6751037569694, ACC_UN, -0.208175659, -0.095718384, 10.226928711, 0.000000000, 0.000000000, 0.000000000
6751037569694, GYRO_UN, 0.007324219, -0.006118774, -0.017715454, 0.008666992, -0.008666992, -0.018753052
6751040041617, ACC_UN, -0.217742920, -0.107681274, 10.217346191, 0.000000000, 0.000000000, 0.000000000
6751040041617, GYRO_UN, 0.007324219, -0.007339478, -0.018936157, 0.008666992, -0.008666992, -0.018753052
6751042483024, ACC_UN, -0.198608398, -0.100494385, 10.210174561, 0.000000000, 0.000000000, 0.000000000
6751042483024, GYRO_UN, 0.007919312, -0.008560181, -0.019546509, 0.008666992, -0.008666992, -0.018753052
6751044954947, ACC_UN, -0.198608398, -0.095718384, 10.200607300, 0.000000000, 0.000000000, 0.000000000
6751044954947, GYRO_UN, 0.007324219, -0.009170532, -0.019546509, 0.008666992, -0.008666992, -0.018753052
6751047426871, ACC_UN, -0.210571289, -0.102890015, 10.200607300, 0.000000000, 0.000000000, 0.000000000
6751047426871, GYRO_UN, 0.007919312, -0.009170532, -0.017715454, 0.008666992, -0.008666992, -0.018753052
6751049868278, ACC_UN, -0.196212769, -0.098098755, 10.193420410, 0.000000000, 0.000000000, 0.000000000
6751049868278, GYRO_UN, 0.008544922, -0.009170532, -0.017715454, 0.008666992, -0.008666992, -0.018753052
6751047732047, MAG_UN, 91.789245605, -53.165817261, -43.501281738, 87.498474121, -20.954895020, 5.076599121
6751052340201, ACC_UN, -0.205780029, -0.083755493, 10.200607300, 0.000000000, 0.000000000, 0.000000000
6751052340201, GYRO_UN, 0.009155273, -0.006713867, -0.018936157, 0.008666992, -0.008666992, -0.018753052
6751054812125, ACC_UN, -0.198608398, -0.086135864, 10.207778931, 0.000000000, 0.000000000, 0.000000000
6751054812125, GYRO_UN, 0.009765625, -0.008560181, -0.018325806, 0.008666992, -0.008666992, -0.018753052
6751057253531, ACC_UN, -0.203384399, -0.107681274, 10.203002930, 0.000000000, 0.000000000, 0.000000000
6751057253531, GYRO_UN, 0.009155273, -0.007934570, -0.018325806, 0.008666992, -0.008666992, -0.018753052
6751059725455, ACC_UN, -0.215347290, -0.093322754, 10.198211670, 0.000000000, 0.000000000, 0.000000000
6751059725455, GYRO_UN, 0.008544922, -0.007934570, -0.019546509, 0.008666992, -0.008666992, -0.018753052
6751062197379, ACC_UN, -0.210571289, -0.081359863, 10.203002930, 0.000000000, 0.000000000, 0.000000000
6751062197379, GYRO_UN, 0.009155273, -0.008560181, -0.017715454, 0.008666992, -0.008666992, -0.018753052
6751064669303, ACC_UN, -0.215347290, -0.090927124, 10.188644409, 0.000000000, 0.000000000, 0.000000000
6751064669303, GYRO_UN, 0.008544922, -0.008560181, -0.018325806, 0.008666992, -0.008666992, -0.018753052
6751067141227, ACC_UN, -0.215347290, -0.098098755, 10.195816040, 0.000000000, 0.000000000, 0.000000000
6751067141227, GYRO_UN, 0.008544922, -0.007934570, -0.018936157, 0.008666992, -0.008666992, -0.018753052
6751069582633, ACC_UN, -0.227325439, -0.098098755, 10.207778931, 0.000000000, 0.000000000, 0.000000000
6751069582633, GYRO_UN, 0.007919312, -0.009170532, -0.020156860, 0.008666992, -0.008666992, -0.018753052
6751057558707, BARO, 984.0067
6751067690543, MAG_UN, 91.701126099, -53.539657593, -43.464660645, 87.498474121, -20.954895020, 5.076599121
6751072054557, ACC_UN, -0.198608398, -0.078964233, 10.214965820, 0.000000000, 0.000000000, 0.000000000
6751072054557, GYRO_UN, 0.007919312, -0.007934570, -0.018936157, 0.008666992, -0.008666992, -0.018753052
6751074526481, ACC_UN, -0.212966919, -0.083755493, 10.234100342, 0.000000000, 0.000000000, 0.000000000
6751074526481, GYRO_UN, 0.008544922, -0.007934570, -0.018325806, 0.008666992, -0.008666992, -0.018753052
6751076967887, ACC_UN, -0.224929810, -0.078964233, 10.231704712, 0.000000000, 0.000000000, 0.000000000
6751076967887, GYRO_UN, 0.009155273, -0.010391235, -0.018936157, 0.008666992, -0.008666992, -0.018753052
6751079439811, ACC_UN, -0.212966919, -0.067001343, 10.229324341, 0.000000000, 0.000000000, 0.000000000
6751079439811, GYRO_UN, 0.009155273, -0.009170532, -0.018325806, 0.008666992, -0.008666992, -0.018753052
6751081911735, ACC_UN, -0.234497070, -0.074172974, 10.210174561, 0.000000000, 0.000000000, 0.000000000
6751081911735, GYRO_UN, 0.009155273, -0.008560181, -0.018936157, 0.008666992, -0.008666992, -0.018753052
6751084353141, ACC_UN, -0.227325439, -0.102890015, 10.210174561, 0.000000000, 0.000000000, 0.000000000
6751084353141, GYRO_UN, 0.008544922, -0.010391235, -0.019546509, 0.008666992, -0.008666992, -0.018753052
6751086825065, ACC_UN, -0.201004028, -0.086135864, 10.217346191, 0.000000000, 0.000000000, 0.000000000
6751086825065, GYRO_UN, 0.009155273, -0.007339478, -0.018936157, 0.008666992, -0.008666992, -0.018753052
6751089296988, ACC_UN, -0.222534180, -0.102890015, 10.200607300, 0.000000000, 0.000000000, 0.000000000
6751089296988, GYRO_UN, 0.008544922, -0.008560181, -0.018936157, 0.008666992, -0.008666992, -0.018753052
6751087618522, MAG_UN, 91.703796387, -53.427886963, -43.204116821, 87.498474121, -20.954895020, 5.076599121
6751091738395, ACC_UN, -0.217742920, -0.090927124, 10.229324341, 0.000000000, 0.000000000, 0.000000000
6751091738395, GYRO_UN, 0.008544922, -0.009170532, -0.018325806, 0.008666992, -0.008666992, -0.018753052
6751094210319, ACC_UN, -0.229705811, -0.098098755, 10.226928711, 0.000000000, 0.000000000, 0.000000000
6751094210319, GYRO_UN, 0.008544922, -0.007934570, -0.018936157, 0.008666992, -0.008666992, -0.018753052
6751096651725, ACC_UN, -0.205780029, -0.074172974, 10.205383301, 0.000000000, 0.000000000, 0.000000000
6751096651725, GYRO_UN, 0.008544922, -0.007934570, -0.018325806, 0.008666992, -0.008666992, -0.018753052
6751099123649, ACC_UN, -0.210571289, -0.095718384, 10.200607300, 0.000000000, 0.000000000, 0.000000000
6751099123649, GYRO_UN, 0.007324219, -0.009780884, -0.019546509, 0.008666992, -0.008666992, -0.018753052
6751101595572, ACC_UN, -0.215347290, -0.110076904, 10.200607300, 0.000000000, 0.000000000, 0.000000000
6751101595572, GYRO_UN, 0.010375977, -0.010391235, -0.018936157, 0.008666992, -0.008666992, -0.018753052
6751104036979, ACC_UN, -0.227325439, -0.078964233, 10.200607300, 0.000000000, 0.000000000, 0.000000000
6751104036979, GYRO_UN, 0.009155273, -0.007934570, -0.018325806, 0.008666992, -0.008666992, -0.018753052
6751106508903, ACC_UN, -0.217742920, -0.093322754, 10.198211670, 0.000000000, 0.000000000, 0.000000000
6751106508903, GYRO_UN, 0.007919312, -0.009170532, -0.019546509, 0.008666992, -0.008666992, -0.018753052
6751108980826, ACC_UN, -0.191421509, -0.081359863, 10.214965820, 0.000000000, 0.000000000, 0.000000000
6751108980826, GYRO_UN, 0.009155273, -0.009170532, -0.019546509, 0.008666992, -0.008666992, -0.018753052
6751090883903, BARO, 984.01636
6751107638053, MAG_UN, 91.620254517, -53.691101074, -43.315505981, 87.498474121, -20.954895020, 5.076599121
6751111422233, ACC_UN, -0.186645508, -0.083755493, 10.243667603, 0.000000000, 0.000000000, 0.000000000
6751111422233, GYRO_UN, 0.006698608, -0.007934570, -0.017715454, 0.008666992, -0.008666992, -0.018753052
6751113894156, ACC_UN, -0.217742920, -0.093322754, 10.207778931, 0.000000000, 0.000000000, 0.000000000
6751113894156, GYRO_UN, 0.006698608, -0.008560181, -0.018325806, 0.008666992, -0.008666992, -0.018753052
6751116335563, ACC_UN, -0.205780029, -0.074172974, 10.195816040, 0.000000000, 0.000000000, 0.000000000
6751116335563, GYRO_UN, 0.008544922, -0.007934570, -0.018936157, 0.008666992, -0.008666992, -0.018753052
6751118807486, ACC_UN, -0.210571289, -0.067001343, 10.193420410, 0.000000000, 0.000000000, 0.000000000
6751118807486, GYRO_UN, 0.009155273, -0.008560181, -0.018325806, 0.008666992, -0.008666992, -0.018753052
6751121279410, ACC_UN, -0.234497070, -0.078964233, 10.207778931, 0.000000000, 0.000000000, 0.000000000
6751121279410, GYRO_UN, 0.009155273, -0.008560181, -0.018325806, 0.008666992, -0.008666992, -0.018753052
6751123720817, ACC_UN, -0.241668701, -0.088531494, 10.200607300, 0.000000000, 0.000000000, 0.000000000
6751123720817, GYRO_UN, 0.009155273, -0.009170532, -0.018325806, 0.008666992, -0.008666992, -0.018753052
6751126192740, ACC_UN, -0.222534180, -0.090927124, 10.219741821, 0.000000000, 0.000000000, 0.000000000
6751126192740, GYRO_UN, 0.009155273, -0.008560181, -0.019546509, 0.008666992, -0.008666992, -0.018753052
6751128664664, ACC_UN, -0.224929810, -0.076568604, 10.222137451, 0.000000000, 0.000000000, 0.000000000
6751128664664, GYRO_UN, 0.008544922, -0.008560181, -0.018325806, 0.008666992, -0.008666992, -0.018753052
6751124209098, BARO, 984.0161
6751127627067, MAG_UN, 92.000198364, -53.754806519, -43.948364258, 87.498474121, -20.954895020, 5.076599121
6751131106070, ACC_UN, -0.229705811, -0.086135864, 10.222137451, 0.000000000, 0.000000000, 0.000000000
6751131106070, GYRO_UN, 0.009155273, -0.009780884, -0.017715454, 0.008666992, -0.008666992, -0.018753052
6751133577994, ACC_UN, -0.212966919, -0.100494385, 10.210174561, 0.000000000, 0.000000000, 0.000000000
6751133577994, GYRO_UN, 0.008544922, -0.008560181, -0.019546509, 0.008666992, -0.008666992, -0.018753052
6751136049918, ACC_UN, -0.210571289, -0.093322754, 10.219741821, 0.000000000, 0.000000000, 0.000000000
6751136049918, GYRO_UN, 0.009155273, -0.009780884, -0.020156860, 0.008666992, -0.008666992, -0.018753052
6751138491324, ACC_UN, -0.229705811, -0.105285645, 10.210174561, 0.000000000, 0.000000000, 0.000000000
6751138491324, GYRO_UN, 0.009155273, -0.009170532, -0.019546509, 0.008666992, -0.008666992, -0.018753052
6751140963248, ACC_UN, -0.215347290, -0.110076904, 10.234100342, 0.000000000, 0.000000000, 0.000000000
6751140963248, GYRO_UN, 0.008544922, -0.008560181, -0.018325806, 0.008666992, -0.008666992, -0.018753052
6751143404654, ACC_UN, -0.217742920, -0.110076904, 10.200607300, 0.000000000, 0.000000000, 0.000000000
6751143404654, GYRO_UN, 0.009765625, -0.009170532, -0.018936157, 0.008666992, -0.008666992, -0.018753052
6751145876578, ACC_UN, -0.208175659, -0.095718384, 10.217346191, 0.000000000, 0.000000000, 0.000000000
6751145876578, GYRO_UN, 0.007919312, -0.009170532, -0.018936157, 0.008666992, -0.008666992, -0.018753052
6751148348502, ACC_UN, -0.217742920, -0.100494385, 10.212570190, 0.000000000, 0.000000000, 0.000000000
6751148348502, GYRO_UN, 0.009155273, -0.008560181, -0.018325806, 0.008666992, -0.008666992, -0.018753052
6751150789908, ACC_UN, -0.210571289, -0.100494385, 10.217346191, 0.000000000, 0.000000000, 0.000000000
6751150789908, GYRO_UN, 0.008544922, -0.008560181, -0.018936157, 0.008666992, -0.008666992, -0.018753052
6751147890738, MAG_UN, 92.758560181, -53.842926025, -44.359207153, 87.498474121, -20.954895020, 5.076599121
6751153261832, ACC_UN, -0.222534180, -0.105285645, 10.193420410, 0.000000000, 0.000000000, 0.000000000
6751153261832, GYRO_UN, 0.007919312, -0.009780884, -0.018325806, 0.008666992, -0.008666992, -0.018753052
6751155733756, ACC_UN, -0.220138550, -0.093322754, 10.183853149, 0.000000000, 0.000000000, 0.000000000
6751155733756, GYRO_UN, 0.009765625, -0.011001587, -0.018325806, 0.008666992, -0.008666992, -0.018753052
6751158175162, ACC_UN, -0.222534180, -0.093322754, 10.191040039, 0.000000000, 0.000000000, 0.000000000
6751158175162, GYRO_UN, 0.008544922, -0.008560181, -0.018936157, 0.008666992, -0.008666992, -0.018753052
6751160647086, ACC_UN, -0.217742920, -0.086135864, 10.193420410, 0.000000000, 0.000000000, 0.000000000
6751160647086, GYRO_UN, 0.007324219, -0.007934570, -0.017715454, 0.008666992, -0.008666992, -0.018753052
6751163119010, ACC_UN, -0.217742920, -0.088531494, 10.231704712, 0.000000000, 0.000000000, 0.000000000
6751163119010, GYRO_UN, 0.008544922, -0.008560181, -0.017105103, 0.008666992, -0.008666992, -0.018753052
6751165560416, ACC_UN, -0.212966919, -0.098098755, 10.214965820, 0.000000000, 0.000000000, 0.000000000
6751165560416, GYRO_UN, 0.007919312, -0.008560181, -0.017715454, 0.008666992, -0.008666992, -0.018753052
6751168032340, ACC_UN, -0.212966919, -0.086135864, 10.219741821, 0.000000000, 0.000000000, 0.000000000
6751168032340, GYRO_UN, 0.007919312, -0.009170532, -0.018325806, 0.008666992, -0.008666992, -0.018753052
6751170473746, ACC_UN, -0.217742920, -0.081359863, 10.191040039, 0.000000000, 0.000000000, 0.000000000
6751170473746, GYRO_UN, 0.008544922, -0.009780884, -0.017715454, 0.008666992, -0.008666992, -0.018753052
6751157534293, BARO, 984.0164
6751167849235, MAG_UN, 93.361663818, -54.048156738, -44.955444336, 87.498474121, -20.954895020, 5.076599121
6751172945670, ACC_UN, -0.234497070, -0.090927124, 10.207778931, 0.000000000, 0.000000000, 0.000000000
6751172945670, GYRO_UN, 0.008544922, -0.007934570, -0.017715454, 0.008666992, -0.008666992, -0.018753052
6751175417594, ACC_UN, -0.217742920, -0.105285645, 10.229324341, 0.000000000, 0.000000000, 0.000000000
6751175417594, GYRO_UN, 0.007324219, -0.009780884, -0.019546509, 0.008666992, -0.008666992, -0.018753052
6751177859000, ACC_UN, -0.232101440, -0.090927124, 10.219741821, 0.000000000, 0.000000000, 0.000000000
6751177859000, GYRO_UN, 0.008544922, -0.008560181, -0.018325806, 0.008666992, -0.008666992, -0.018753052
6751180330924, ACC_UN, -0.215347290, -0.095718384, 10.234100342, 0.000000000, 0.000000000, 0.000000000
6751180330924, GYRO_UN, 0.009765625, -0.009170532, -0.019546509, 0.008666992, -0.008666992, -0.018753052
6751182802848, ACC_UN, -0.222534180, -0.100494385, 10.205383301, 0.000000000, 0.000000000, 0.000000000
6751182802848, GYRO_UN, 0.009155273, -0.009780884, -0.018936157, 0.008666992, -0.008666992, -0.018753052
6751185244254, ACC_UN, -0.201004028, -0.088531494, 10.219741821, 0.000000000, 0.000000000, 0.000000000
6751185244254, GYRO_UN, 0.007919312, -0.007934570, -0.019546509, 0.008666992, -0.008666992, -0.018753052
6751187716178, ACC_UN, -0.232101440, -0.093322754, 10.203002930, 0.000000000, 0.000000000, 0.000000000
6751187716178, GYRO_UN, 0.007919312, -0.007339478, -0.018325806, 0.008666992, -0.008666992, -0.018753052
6751190188102, ACC_UN, -0.212966919, -0.117248535, 10.205383301, 0.000000000, 0.000000000, 0.000000000
6751190188102, GYRO_UN, 0.008544922, -0.007934570, -0.018325806, 0.008666992, -0.008666992, -0.018753052
6751187868766, MAG_UN, 93.779373169, -54.072189331, -45.179748535, 87.498474121, -20.954895020, 5.076599121
6751192629508, ACC_UN, -0.189025879, -0.098098755, 10.205383301, 0.000000000, 0.000000000, 0.000000000
6751192629508, GYRO_UN, 0.006698608, -0.007339478, -0.018936157, 0.008666992, -0.008666992, -0.018753052
6751195101432, ACC_UN, -0.205780029, -0.105285645, 10.212570190, 0.000000000, 0.000000000, 0.000000000
6751195101432, GYRO_UN, 0.009155273, -0.009780884, -0.017105103, 0.008666992, -0.008666992, -0.018753052
6751197542838, ACC_UN, -0.205780029, -0.110076904, 10.200607300, 0.000000000, 0.000000000, 0.000000000
6751197542838, GYRO_UN, 0.008544922, -0.010391235, -0.018936157, 0.008666992, -0.008666992, -0.018753052
6751200014762, ACC_UN, -0.208175659, -0.098098755, 10.198211670, 0.000000000, 0.000000000, 0.000000000
6751200014762, GYRO_UN, 0.008544922, -0.009170532, -0.017105103, 0.008666992, -0.008666992, -0.018753052
6751202486686, ACC_UN, -0.227325439, -0.098098755, 10.203002930, 0.000000000, 0.000000000, 0.000000000
6751202486686, GYRO_UN, 0.009765625, -0.010391235, -0.017715454, 0.008666992, -0.008666992, -0.018753052
6751204928092, ACC_UN, -0.222534180, -0.081359863, 10.186248779, 0.000000000, 0.000000000, 0.000000000
6751204928092, GYRO_UN, 0.008544922, -0.009780884, -0.018325806, 0.008666992, -0.008666992, -0.018753052
6751207400016, ACC_UN, -0.222534180, -0.088531494, 10.188644409, 0.000000000, 0.000000000, 0.000000000
6751207400016, GYRO_UN, 0.008544922, -0.011001587, -0.017105103, 0.008666992, -0.008666992, -0.018753052
6751209871940, ACC_UN, -0.208175659, -0.112457275, 10.217346191, 0.000000000, 0.000000000, 0.000000000
6751209871940, GYRO_UN, 0.008544922, -0.008560181, -0.017105103, 0.008666992, -0.008666992, -0.018753052
6751190859488, BARO, 984.0161
6751207583121, MAG_UN, 94.245910645, -53.723144531, -44.920349121, 87.498474121, -20.954895020, 5.076599121
6751212313346, ACC_UN, -0.193817139, -0.093322754, 10.219741821, 0.000000000, 0.000000000, 0.000000000
6751212313346, GYRO_UN, 0.007919312, -0.008560181, -0.018325806, 0.008666992, -0.008666992, -0.018753052
6751214785270, ACC_UN, -0.210571289, -0.086135864, 10.224533081, 0.000000000, 0.000000000, 0.000000000
6751214785270, GYRO_UN, 0.008544922, -0.008560181, -0.017715454, 0.008666992, -0.008666992, -0.018753052
6751217257194, ACC_UN, -0.198608398, -0.083755493, 10.224533081, 0.000000000, 0.000000000, 0.000000000
6751217257194, GYRO_UN, 0.009765625, -0.007934570, -0.018936157, 0.008666992, -0.008666992, -0.018753052
6751219698600, ACC_UN, -0.196212769, -0.102890015, 10.207778931, 0.000000000, 0.000000000, 0.000000000
6751219698600, GYRO_UN, 0.008544922, -0.009170532, -0.018325806, 0.008666992, -0.008666992, -0.018753052
6751222170524, ACC_UN, -0.222534180, -0.105285645, 10.181457520, 0.000000000, 0.000000000, 0.000000000
6751222170524, GYRO_UN, 0.008544922, -0.009170532, -0.018936157, 0.008666992, -0.008666992, -0.018753052
6751224611930, ACC_UN, -0.198608398, -0.086135864, 10.195816040, 0.000000000, 0.000000000, 0.000000000
6751224611930, GYRO_UN, 0.008544922, -0.008560181, -0.019546509, 0.008666992, -0.008666992, -0.018753052
6751227083854, ACC_UN, -0.205780029, -0.088531494, 10.231704712, 0.000000000, 0.000000000, 0.000000000
6751227083854, GYRO_UN, 0.009155273, -0.007934570, -0.020156860, 0.008666992, -0.008666992, -0.018753052
6751229555778, ACC_UN, -0.232101440, -0.100494385, 10.224533081, 0.000000000, 0.000000000, 0.000000000
6751229555778, GYRO_UN, 0.009155273, -0.007934570, -0.018325806, 0.008666992, -0.008666992, -0.018753052
6751224184684, BARO, 984.025
6751227572135, MAG_UN, 94.205093384, -53.798675537, -44.771957397, 87.498474121, -20.954895020, 5.076599121
6751231997184, ACC_UN, -0.217742920, -0.095718384, 10.226928711, 0.000000000, 0.000000000, 0.000000000
6751231997184, GYRO_UN, 0.007919312, -0.006713867, -0.016494751, 0.008666992, -0.008666992, -0.018753052
6751234469108, ACC_UN, -0.224929810, -0.083755493, 10.198211670, 0.000000000, 0.000000000, 0.000000000
6751234469108, GYRO_UN, 0.008544922, -0.009780884, -0.018936157, 0.008666992, -0.008666992, -0.018753052
6751236941031, ACC_UN, -0.224929810, -0.088531494, 10.219741821, 0.000000000, 0.000000000, 0.000000000
6751236941031, GYRO_UN, 0.009155273, -0.009780884, -0.020156860, 0.008666992, -0.008666992, -0.018753052
6751239382438, ACC_UN, -0.193817139, -0.098098755, 10.210174561, 0.000000000, 0.000000000, 0.000000000
6751239382438, GYRO_UN, 0.009155273, -0.007934570, -0.018936157, 0.008666992, -0.008666992, -0.018753052
6751241854361, ACC_UN, -0.210571289, -0.093322754, 10.212570190, 0.000000000, 0.000000000, 0.000000000
6751241854361, GYRO_UN, 0.009155273, -0.009780884, -0.018936157, 0.008666992, -0.008666992, -0.018753052
6751244326285, ACC_UN, -0.217742920, -0.088531494, 10.234100342, 0.000000000, 0.000000000, 0.000000000
6751244326285, GYRO_UN, 0.008544922, -0.006713867, -0.019546509, 0.008666992, -0.008666992, -0.018753052
6751246767692, ACC_UN, -0.222534180, -0.086135864, 10.200607300, 0.000000000, 0.000000000, 0.000000000
6751246767692, GYRO_UN, 0.007919312, -0.008560181, -0.018325806, 0.008666992, -0.008666992, -0.018753052
6751249239615, ACC_UN, -0.224929810, -0.098098755, 10.195816040, 0.000000000, 0.000000000, 0.000000000
6751249239615, GYRO_UN, 0.009765625, -0.009170532, -0.019546509, 0.008666992, -0.008666992, -0.018753052
6751247530631, MAG_UN, 94.552993774, -53.639984131, -44.958114624, 87.498474121, -20.954895020, 5.076599121
6751251681022, ACC_UN, -0.215347290, -0.076568604, 10.193420410, 0.000000000, 0.000000000, 0.000000000
6751251681022, GYRO_UN, 0.007919312, -0.008560181, -0.018325806, 0.008666992, -0.008666992, -0.018753052
6751254152945, ACC_UN, -0.215347290, -0.081359863, 10.195816040, 0.000000000, 0.000000000, 0.000000000
6751254152945, GYRO_UN, 0.009155273, -0.007934570, -0.018936157, 0.008666992, -0.008666992, -0.018753052
6751256624869, ACC_UN, -0.201004028, -0.100494385, 10.229324341, 0.000000000, 0.000000000, 0.000000000
6751256624869, GYRO_UN, 0.008544922, -0.009170532, -0.019546509, 0.008666992, -0.008666992, -0.018753052
6751259066276, ACC_UN, -0.232101440, -0.100494385, 10.219741821, 0.000000000, 0.000000000, 0.000000000
6751259066276, GYRO_UN, 0.009765625, -0.009780884, -0.018936157, 0.008666992, -0.008666992, -0.018753052
6751261538199, ACC_UN, -0.215347290, -0.105285645, 10.219741821, 0.000000000, 0.000000000, 0.000000000
6751261538199, GYRO_UN, 0.008544922, -0.009780884, -0.018325806, 0.008666992, -0.008666992, -0.018753052
6751264010123, ACC_UN, -0.212966919, -0.093322754, 10.210174561, 0.000000000, 0.000000000, 0.000000000
6751264010123, GYRO_UN, 0.009155273, -0.009170532, -0.019546509, 0.008666992, -0.008666992, -0.018753052
6751266451529, ACC_UN, -0.212966919, -0.110076904, 10.217346191, 0.000000000, 0.000000000, 0.000000000
6751266451529, GYRO_UN, 0.008544922, -0.009170532, -0.017715454, 0.008666992, -0.008666992, -0.018753052
6751268923453, ACC_UN, -0.210571289, -0.105285645, 10.219741821, 0.000000000, 0.000000000, 0.000000000
6751268923453, GYRO_UN, 0.008544922, -0.007934570, -0.019546509, 0.008666992, -0.008666992, -0.018753052
6751257509879, BARO, 984.0213
6751267550162, MAG_UN, 94.558334351, -53.453826904, -44.771575928, 87.498474121, -20.954895020, 5.076599121
6751271364860, ACC_UN, -0.210571289, -0.090927124, 10.219741821, 0.000000000, 0.000000000, 0.000000000
6751271364860, GYRO_UN, 0.008544922, -0.008560181, -0.018325806, 0.008666992, -0.008666992, -0.018753052
6751273836783, ACC_UN, -0.212966919, -0.076568604, 10.207778931, 0.000000000, 0.000000000, 0.000000000
6751273836783, GYRO_UN, 0.009155273, -0.009170532, -0.019546509, 0.008666992, -0.008666992, -0.018753052
6751276308707, ACC_UN, -0.208175659, -0.088531494, 10.205383301, 0.000000000, 0.000000000, 0.000000000
6751276308707, GYRO_UN, 0.007919312, -0.007339478, -0.018936157, 0.008666992, -0.008666992, -0.018753052
6751278750113, ACC_UN, -0.222534180, -0.086135864, 10.198211670, 0.000000000, 0.000000000, 0.000000000
6751278750113, GYRO_UN, 0.007324219, -0.009780884, -0.017105103, 0.008666992, -0.008666992, -0.018753052
6751281222037, ACC_UN, -0.203384399, -0.088531494, 10.231704712, 0.000000000, 0.000000000, 0.000000000
6751281222037, GYRO_UN, 0.009155273, -0.010391235, -0.017715454, 0.008666992, -0.008666992, -0.018753052
6751283693961, ACC_UN, -0.215347290, -0.093322754, 10.243667603, 0.000000000, 0.000000000, 0.000000000
6751283693961, GYRO_UN, 0.008544922, -0.008560181, -0.017715454, 0.008666992, -0.008666992, -0.018753052
6751286135367, ACC_UN, -0.234497070, -0.090927124, 10.224533081, 0.000000000, 0.000000000, 0.000000000
6751286135367, GYRO_UN, 0.008544922, -0.008560181, -0.018325806, 0.008666992, -0.008666992, -0.018753052
6751288607291, ACC_UN, -0.215347290, -0.093322754, 10.207778931, 0.000000000, 0.000000000, 0.000000000
6751288607291, GYRO_UN, 0.008544922, -0.007934570, -0.018936157, 0.008666992, -0.008666992, -0.018753052
6751287508658, MAG_UN, 94.315338135, -53.906631470, -44.623184204, 87.498474121, -20.954895020, 5.076599121
6751291048697, ACC_UN, -0.222534180, -0.105285645, 10.217346191, 0.000000000, 0.000000000, 0.000000000
6751291048697, GYRO_UN, 0.009155273, -0.009170532, -0.018325806, 0.008666992, -0.008666992, -0.018753052
6751293520621, ACC_UN, -0.227325439, -0.093322754, 10.222137451, 0.000000000, 0.000000000, 0.000000000
6751293520621, GYRO_UN, 0.008544922, -0.007934570, -0.017715454, 0.008666992, -0.008666992, -0.018753052
6751295992545, ACC_UN, -0.208175659, -0.093322754, 10.231704712, 0.000000000, 0.000000000, 0.000000000
6751295992545, GYRO_UN, 0.009155273, -0.011001587, -0.018325806, 0.008666992, -0.008666992, -0.018753052
6751298433951, ACC_UN, -0.215347290, -0.107681274, 10.234100342, 0.000000000, 0.000000000, 0.000000000
6751298433951, GYRO_UN, 0.008544922, -0.007934570, -0.018325806, 0.008666992, -0.008666992, -0.018753052
6751300905875, ACC_UN, -0.224929810, -0.110076904, 10.203002930, 0.000000000, 0.000000000, 0.000000000
6751300905875, GYRO_UN, 0.007919312, -0.008560181, -0.020156860, 0.008666992, -0.008666992, -0.018753052
6751303377799, ACC_UN, -0.205780029, -0.117248535, 10.203002930, 0.000000000, 0.000000000, 0.000000000
6751303377799, GYRO_UN, 0.008544922, -0.009170532, -0.019546509, 0.008666992, -0.008666992, -0.018753052
6751305819205, ACC_UN, -0.229705811, -0.098098755, 10.224533081, 0.000000000, 0.000000000, 0.000000000
6751305819205, GYRO_UN, 0.009155273, -0.007934570, -0.018325806, 0.008666992, -0.008666992, -0.018753052
6751308291129, ACC_UN, -0.232101440, -0.102890015, 10.203002930, 0.000000000, 0.000000000, 0.000000000
6751308291129, GYRO_UN, 0.007324219, -0.009170532, -0.018936157, 0.008666992, -0.008666992, -0.018753052
6751290835074, BARO, 984.00806
6751310763053, ACC_UN, -0.215347290, -0.098098755, 10.212570190, 0.000000000, 0.000000000, 0.000000000
6751310763053, GYRO_UN, 0.007919312, -0.008560181, -0.018325806, 0.008666992, -0.008666992, -0.018753052
6751307863883, MAG_UN, 94.588470459, -53.713226318, -44.995117188, 87.498474121, -20.954895020, 5.076599121
6751313204459, ACC_UN, -0.205780029, -0.095718384, 10.207778931, 0.000000000, 0.000000000, 0.000000000
6751313204459, GYRO_UN, 0.010375977, -0.009170532, -0.018936157, 0.008666992, -0.008666992, -0.018753052
6751315676383, ACC_UN, -0.212966919, -0.105285645, 10.203002930, 0.000000000, 0.000000000, 0.000000000
6751315676383, GYRO_UN, 0.010375977, -0.009170532, -0.018325806, 0.008666992, -0.008666992, -0.018753052
6751318148307, ACC_UN, -0.210571289, -0.100494385, 10.214965820, 0.000000000, 0.000000000, 0.000000000
6751318148307, GYRO_UN, 0.007919312, -0.008560181, -0.017105103, 0.008666992, -0.008666992, -0.018753052
6751320589713, ACC_UN, -0.210571289, -0.093322754, 10.207778931, 0.000000000, 0.000000000, 0.000000000
6751320589713, GYRO_UN, 0.008544922, -0.009170532, -0.018325806, 0.008666992, -0.008666992, -0.018753052
6751323061637, ACC_UN, -0.196212769, -0.081359863, 10.217346191, 0.000000000, 0.000000000, 0.000000000
6751323061637, GYRO_UN, 0.008544922, -0.009170532, -0.019546509, 0.008666992, -0.008666992, -0.018753052
6751325503043, ACC_UN, -0.234497070, -0.093322754, 10.200607300, 0.000000000, 0.000000000, 0.000000000
6751325503043, GYRO_UN, 0.009155273, -0.009780884, -0.018936157, 0.008666992, -0.008666992, -0.018753052
6751327974967, ACC_UN, -0.198608398, -0.090927124, 10.191040039, 0.000000000, 0.000000000, 0.000000000
6751327974967, GYRO_UN, 0.008544922, -0.009170532, -0.017715454, 0.008666992, -0.008666992, -0.018753052
6751330446891, ACC_UN, -0.220138550, -0.088531494, 10.226928711, 0.000000000, 0.000000000, 0.000000000
6751330446891, GYRO_UN, 0.007919312, -0.009780884, -0.017715454, 0.008666992, -0.008666992, -0.018753052
6751324160270, BARO, 984.0103
6751328005485, MAG_UN, 93.592834473, -53.891372681, -44.435882568, 87.498474121, -20.954895020, 5.076599121
6751332888297, ACC_UN, -0.215347290, -0.098098755, 10.210174561, 0.000000000, 0.000000000, 0.000000000
6751332888297, GYRO_UN, 0.008544922, -0.010391235, -0.017715454, 0.008666992, -0.008666992, -0.018753052
6751335360221, ACC_UN, -0.196212769, -0.076568604, 10.217346191, 0.000000000, 0.000000000, 0.000000000
6751335360221, GYRO_UN, 0.008544922, -0.007934570, -0.017715454, 0.008666992, -0.008666992, -0.018753052
6751337832145, ACC_UN, -0.201004028, -0.086135864, 10.224533081, 0.000000000, 0.000000000, 0.000000000
6751337832145, GYRO_UN, 0.007919312, -0.009170532, -0.018936157, 0.008666992, -0.008666992, -0.018753052
6751340273551, ACC_UN, -0.212966919, -0.095718384, 10.200607300, 0.000000000, 0.000000000, 0.000000000
6751340273551, GYRO_UN, 0.008544922, -0.009170532, -0.017715454, 0.008666992, -0.008666992, -0.018753052
6751342745475, ACC_UN, -0.217742920, -0.086135864, 10.179061890, 0.000000000, 0.000000000, 0.000000000
6751342745475, GYRO_UN, 0.009765625, -0.008560181, -0.017715454, 0.008666992, -0.008666992, -0.018753052
6751345217399, ACC_UN, -0.189025879, -0.071777344, 10.214965820, 0.000000000, 0.000000000, 0.000000000
6751345217399, GYRO_UN, 0.007324219, -0.009170532, -0.017105103, 0.008666992, -0.008666992, -0.018753052
6751347689322, ACC_UN, -0.198608398, -0.100494385, 10.219741821, 0.000000000, 0.000000000, 0.000000000
6751347689322, GYRO_UN, 0.007919312, -0.008560181, -0.018936157, 0.008666992, -0.008666992, -0.018753052
6751350161246, ACC_UN, -0.215347290, -0.107681274, 10.231704712, 0.000000000, 0.000000000, 0.000000000
6751350161246, GYRO_UN, 0.007919312, -0.009170532, -0.018325806, 0.008666992, -0.008666992, -0.018753052
6751348025016, MAG_UN, 92.947387695, -53.836441040, -43.877410889, 87.498474121, -20.954895020, 5.076599121
6751352602653, ACC_UN, -0.208175659, -0.078964233, 10.234100342, 0.000000000, 0.000000000, 0.000000000
6751352602653, GYRO_UN, 0.009155273, -0.009780884, -0.019546509, 0.008666992, -0.008666992, -0.018753052
6751355074576, ACC_UN, -0.215347290, -0.098098755, 10.210174561, 0.000000000, 0.000000000, 0.000000000
6751355074576, GYRO_UN, 0.009765625, -0.009170532, -0.017715454, 0.008666992, -0.008666992, -0.018753052
6751357546500, ACC_UN, -0.210571289, -0.107681274, 10.207778931, 0.000000000, 0.000000000, 0.000000000
6751357546500, GYRO_UN, 0.009155273, -0.009780884, -0.018936157, 0.008666992, -0.008666992, -0.018753052
6751359987906, ACC_UN, -0.224929810, -0.100494385, 10.200607300, 0.000000000, 0.000000000, 0.000000000
6751359987906, GYRO_UN, 0.009765625, -0.008560181, -0.018936157, 0.008666992, -0.008666992, -0.018753052
6751362459830, ACC_UN, -0.222534180, -0.100494385, 10.234100342, 0.000000000, 0.000000000, 0.000000000
6751362459830, GYRO_UN, 0.008544922, -0.009170532, -0.017105103, 0.008666992, -0.008666992, -0.018753052
6751364931754, ACC_UN, -0.224929810, -0.083755493, 10.231704712, 0.000000000, 0.000000000, 0.000000000
6751364931754, GYRO_UN, 0.009155273, -0.009170532, -0.017715454, 0.008666992, -0.008666992, -0.018753052
6751367373160, ACC_UN, -0.203384399, -0.086135864, 10.238891602, 0.000000000, 0.000000000, 0.000000000
6751367373160, GYRO_UN, 0.009765625, -0.008560181, -0.018936157, 0.008666992, -0.008666992, -0.018753052
6751369845084, ACC_UN, -0.212966919, -0.081359863, 10.214965820, 0.000000000, 0.000000000, 0.000000000
6751369845084, GYRO_UN, 0.009155273, -0.008560181, -0.017715454, 0.008666992, -0.008666992, -0.018753052
6751357485465, BARO, 984.0181
6751367556266, MAG_UN, 92.286682129, -53.076934814, -43.539810181, 87.498474121, -20.954895020, 5.076599121
6751372317008, ACC_UN, -0.215347290, -0.078964233, 10.224533081, 0.000000000, 0.000000000, 0.000000000
6751372317008, GYRO_UN, 0.009765625, -0.008560181, -0.018936157, 0.008666992, -0.008666992, -0.018753052
6751374758414, ACC_UN, -0.222534180, -0.098098755, 10.203002930, 0.000000000, 0.000000000, 0.000000000
6751374758414, GYRO_UN, 0.009155273, -0.011001587, -0.018936157, 0.008666992, -0.008666992, -0.018753052
6751377230338, ACC_UN, -0.246459961, -0.093322754, 10.200607300, 0.000000000, 0.000000000, 0.000000000
6751377230338, GYRO_UN, 0.007919312, -0.009170532, -0.019546509, 0.008666992, -0.008666992, -0.018753052
6751379671744, ACC_UN, -0.222534180, -0.098098755, 10.203002930, 0.000000000, 0.000000000, 0.000000000
6751379671744, GYRO_UN, 0.009765625, -0.007934570, -0.017715454, 0.008666992, -0.008666992, -0.018753052
6751382143668, ACC_UN, -0.212966919, -0.102890015, 10.203002930, 0.000000000, 0.000000000, 0.000000000
6751382143668, GYRO_UN, 0.007919312, -0.007934570, -0.018325806, 0.008666992, -0.008666992, -0.018753052
6751384615592, ACC_UN, -0.227325439, -0.093322754, 10.217346191, 0.000000000, 0.000000000, 0.000000000
6751384615592, GYRO_UN, 0.007919312, -0.007339478, -0.020156860, 0.008666992, -0.008666992, -0.018753052
6751387056998, ACC_UN, -0.220138550, -0.100494385, 10.234100342, 0.000000000, 0.000000000, 0.000000000
6751387056998, GYRO_UN, 0.009155273, -0.009170532, -0.017715454, 0.008666992, -0.008666992, -0.018753052
6751389528922, ACC_UN, -0.215347290, -0.107681274, 10.219741821, 0.000000000, 0.000000000, 0.000000000
6751389528922, GYRO_UN, 0.008544922, -0.009170532, -0.018936157, 0.008666992, -0.008666992, -0.018753052
6751387453727, MAG_UN, 91.378402710, -52.880859375, -42.570877075, 87.498474121, -20.954895020, 5.076599121
6751392000846, ACC_UN, -0.217742920, -0.095718384, 10.205383301, 0.000000000, 0.000000000, 0.000000000
6751392000846, GYRO_UN, 0.007324219, -0.008560181, -0.018325806, 0.008666992, -0.008666992, -0.018753052
6751394442252, ACC_UN, -0.222534180, -0.093322754, 10.214965820, 0.000000000, 0.000000000, 0.000000000
6751394442252, GYRO_UN, 0.008544922, -0.008560181, -0.017105103, 0.008666992, -0.008666992, -0.018753052
6751396914176, ACC_UN, -0.203384399, -0.098098755, 10.222137451, 0.000000000, 0.000000000, 0.000000000
6751396914176, GYRO_UN, 0.007919312, -0.009170532, -0.018325806, 0.008666992, -0.008666992, -0.018753052
6751399386100, ACC_UN, -0.215347290, -0.083755493, 10.214965820, 0.000000000, 0.000000000, 0.000000000
6751399386100, GYRO_UN, 0.007919312, -0.008560181, -0.018936157, 0.008666992, -0.008666992, -0.018753052
6751401827506, ACC_UN, -0.229705811, -0.078964233, 10.219741821, 0.000000000, 0.000000000, 0.000000000
6751401827506, GYRO_UN, 0.009155273, -0.011611938, -0.018325806, 0.008666992, -0.008666992, -0.018753052
6751404299430, ACC_UN, -0.217742920, -0.093322754, 10.212570190, 0.000000000, 0.000000000, 0.000000000
6751404299430, GYRO_UN, 0.008544922, -0.009170532, -0.017715454, 0.008666992, -0.008666992, -0.018753052
6751406740836, ACC_UN, -0.198608398, -0.093322754, 10.210174561, 0.000000000, 0.000000000, 0.000000000
6751406740836, GYRO_UN, 0.008544922, -0.007934570, -0.019546509, 0.008666992, -0.008666992, -0.018753052
6751409212760, ACC_UN, -0.217742920, -0.093322754, 10.246063232, 0.000000000, 0.000000000, 0.000000000
6751409212760, GYRO_UN, 0.009765625, -0.009780884, -0.018325806, 0.008666992, -0.008666992, -0.018753052
6751390810660, BARO, 984.0151
6751407473258, MAG_UN, 91.270446777, -52.660751343, -42.161178589, 87.498474121, -20.954895020, 5.076599121
6751411684684, ACC_UN, -0.212966919, -0.095718384, 10.224533081, 0.000000000, 0.000000000, 0.000000000
6751411684684, GYRO_UN, 0.009765625, -0.009780884, -0.018936157, 0.008666992, -0.008666992, -0.018753052
6751414126090, ACC_UN, -0.212966919, -0.102890015, 10.222137451, 0.000000000, 0.000000000, 0.000000000
6751414126090, GYRO_UN, 0.009155273, -0.009170532, -0.018936157, 0.008666992, -0.008666992, -0.018753052
6751416598014, ACC_UN, -0.198608398, -0.098098755, 10.224533081, 0.000000000, 0.000000000, 0.000000000
6751416598014, GYRO_UN, 0.009155273, -0.008560181, -0.018325806, 0.008666992, -0.008666992, -0.018753052
6751419069938, ACC_UN, -0.220138550, -0.098098755, 10.222137451, 0.000000000, 0.000000000, 0.000000000
6751419069938, GYRO_UN, 0.007324219, -0.009170532, -0.017715454, 0.008666992, -0.008666992, -0.018753052
6751421511344, ACC_UN, -0.229705811, -0.102890015, 10.217346191, 0.000000000, 0.000000000, 0.000000000
6751421511344, GYRO_UN, 0.008544922, -0.009170532, -0.017715454, 0.008666992, -0.008666992, -0.018753052
6751423983268, ACC_UN, -0.222534180, -0.086135864, 10.226928711, 0.000000000, 0.000000000, 0.000000000
6751423983268, GYRO_UN, 0.009765625, -0.009780884, -0.018936157, 0.008666992, -0.008666992, -0.018753052
6751426455192, ACC_UN, -0.220138550, -0.090927124, 10.210174561, 0.000000000, 0.000000000, 0.000000000
6751426455192, GYRO_UN, 0.009155273, -0.009170532, -0.018325806, 0.008666992, -0.008666992, -0.018753052
6751428896598, ACC_UN, -0.222534180, -0.081359863, 10.203002930, 0.000000000, 0.000000000, 0.000000000
6751428896598, GYRO_UN, 0.009155273, -0.007934570, -0.018325806, 0.008666992, -0.008666992, -0.018753052
6751424135856, BARO, 984.0113
6751427462272, MAG_UN, 92.180252075, -52.819824219, -43.278503418, 87.498474121, -20.954895020, 5.076599121
6751431368522, ACC_UN, -0.198608398, -0.095718384, 10.207778931, 0.000000000, 0.000000000, 0.000000000
6751431368522, GYRO_UN, 0.007324219, -0.007339478, -0.018325806, 0.008666992, -0.008666992, -0.018753052
6751433809928, ACC_UN, -0.212966919, -0.095718384, 10.217346191, 0.000000000, 0.000000000, 0.000000000
6751433809928, GYRO_UN, 0.007919312, -0.009170532, -0.019546509, 0.008666992, -0.008666992, -0.018753052
6751436281852, ACC_UN, -0.212966919, -0.090927124, 10.193420410, 0.000000000, 0.000000000, 0.000000000
6751436281852, GYRO_UN, 0.008544922, -0.009170532, -0.018325806, 0.008666992, -0.008666992, -0.018753052
6751438753776, ACC_UN, -0.203384399, -0.071777344, 10.195816040, 0.000000000, 0.000000000, 0.000000000
6751438753776, GYRO_UN, 0.009155273, -0.009170532, -0.018325806, 0.008666992, -0.008666992, -0.018753052
6751441195182, ACC_UN, -0.220138550, -0.095718384, 10.217346191, 0.000000000, 0.000000000, 0.000000000
6751441195182, GYRO_UN, 0.009155273, -0.007934570, -0.018936157, 0.008666992, -0.008666992, -0.018753052
6751443667106, ACC_UN, -0.227325439, -0.093322754, 10.212570190, 0.000000000, 0.000000000, 0.000000000
6751443667106, GYRO_UN, 0.007919312, -0.007934570, -0.018325806, 0.008666992, -0.008666992, -0.018753052
6751446139029, ACC_UN, -0.201004028, -0.095718384, 10.198211670, 0.000000000, 0.000000000, 0.000000000
6751446139029, GYRO_UN, 0.008544922, -0.009170532, -0.019546509, 0.008666992, -0.008666992, -0.018753052
6751448580436, ACC_UN, -0.222534180, -0.095718384, 10.203002930, 0.000000000, 0.000000000, 0.000000000
6751448580436, GYRO_UN, 0.008544922, -0.009170532, -0.017715454, 0.008666992, -0.008666992, -0.018753052
6751447420768, MAG_UN, 92.885971069, -53.393173218, -44.024658203, 87.498474121, -20.954895020, 5.076599121
6751451052360, ACC_UN, -0.205780029, -0.100494385, 10.214965820, 0.000000000, 0.000000000, 0.000000000
6751451052360, GYRO_UN, 0.007919312, -0.009170532, -0.017105103, 0.008666992, -0.008666992, -0.018753052
6751453524283, ACC_UN, -0.224929810, -0.090927124, 10.236495972, 0.000000000, 0.000000000, 0.000000000
6751453524283, GYRO_UN, 0.008544922, -0.009170532, -0.018936157, 0.008666992, -0.008666992, -0.018753052
6751455965690, ACC_UN, -0.217742920, -0.086135864, 10.217346191, 0.000000000, 0.000000000, 0.000000000
6751455965690, GYRO_UN, 0.008544922, -0.009170532, -0.018325806, 0.008666992, -0.008666992, -0.018753052
6751458437613, ACC_UN, -0.217742920, -0.122039795, 10.200607300, 0.000000000, 0.000000000, 0.000000000
6751458437613, GYRO_UN, 0.008544922, -0.008560181, -0.017715454, 0.008666992, -0.008666992, -0.018753052
6751460879020, ACC_UN, -0.203384399, -0.102890015, 10.207778931, 0.000000000, 0.000000000, 0.000000000
6751460879020, GYRO_UN, 0.009155273, -0.008560181, -0.018325806, 0.008666992, -0.008666992, -0.018753052
6751463350944, ACC_UN, -0.236892700, -0.095718384, 10.217346191, 0.000000000, 0.000000000, 0.000000000
6751463350944, GYRO_UN, 0.007324219, -0.006713867, -0.018325806, 0.008666992, -0.008666992, -0.018753052
6751465822867, ACC_UN, -0.220138550, -0.076568604, 10.231704712, 0.000000000, 0.000000000, 0.000000000
6751465822867, GYRO_UN, 0.008544922, -0.007339478, -0.017105103, 0.008666992, -0.008666992, -0.018753052
6751468264274, ACC_UN, -0.215347290, -0.098098755, 10.207778931, 0.000000000, 0.000000000, 0.000000000
6751468264274, GYRO_UN, 0.007919312, -0.008560181, -0.019546509, 0.008666992, -0.008666992, -0.018753052
6751457461051, BARO, 984.0154
6751470736197, ACC_UN, -0.217742920, -0.102890015, 10.224533081, 0.000000000, 0.000000000, 0.000000000
6751470736197, GYRO_UN, 0.008544922, -0.009170532, -0.020156860, 0.008666992, -0.008666992, -0.018753052
6751467775992, MAG_UN, 93.667221069, -53.963851929, -44.659423828, 87.498474121, -20.954895020, 5.076599121
6751473208121, ACC_UN, -0.224929810, -0.076568604, 10.219741821, 0.000000000, 0.000000000, 0.000000000
6751473208121, GYRO_UN, 0.007324219, -0.009170532, -0.019546509, 0.008666992, -0.008666992, -0.018753052
6751475649528, ACC_UN, -0.201004028, -0.098098755, 10.181457520, 0.000000000, 0.000000000, 0.000000000
6751475649528, GYRO_UN, 0.007919312, -0.009780884, -0.018936157, 0.008666992, -0.008666992, -0.018753052
6751478121451, ACC_UN, -0.217742920, -0.102890015, 10.226928711, 0.000000000, 0.000000000, 0.000000000
6751478121451, GYRO_UN, 0.007919312, -0.007934570, -0.018325806, 0.008666992, -0.008666992, -0.018753052
6751480593375, ACC_UN, -0.227325439, -0.083755493, 10.212570190, 0.000000000, 0.000000000, 0.000000000
6751480593375, GYRO_UN, 0.007324219, -0.008560181, -0.019546509, 0.008666992, -0.008666992, -0.018753052
6751483034781, ACC_UN, -0.220138550, -0.083755493, 10.203002930, 0.000000000, 0.000000000, 0.000000000
6751483034781, GYRO_UN, 0.008544922, -0.007934570, -0.018936157, 0.008666992, -0.008666992, -0.018753052
6751485506705, ACC_UN, -0.210571289, -0.105285645, 10.210174561, 0.000000000, 0.000000000, 0.000000000
6751485506705, GYRO_UN, 0.009155273, -0.008560181, -0.018325806, 0.008666992, -0.008666992, -0.018753052
6751487948111, ACC_UN, -0.220138550, -0.100494385, 10.229324341, 0.000000000, 0.000000000, 0.000000000
6751487948111, GYRO_UN, 0.008544922, -0.009170532, -0.019546509, 0.008666992, -0.008666992, -0.018753052
6751490420035, ACC_UN, -0.212966919, -0.095718384, 10.222137451, 0.000000000, 0.000000000, 0.000000000
6751490420035, GYRO_UN, 0.008544922, -0.008560181, -0.017715454, 0.008666992, -0.008666992, -0.018753052
6751490786246, BARO, 984.02924
6751487673453, MAG_UN, 94.543838501, -53.937530518, -45.219039917, 87.498474121, -20.954895020, 5.076599121
6751492891959, ACC_UN, -0.210571289, -0.090927124, 10.224533081, 0.000000000, 0.000000000, 0.000000000
6751492891959, GYRO_UN, 0.007919312, -0.007934570, -0.018325806, 0.008666992, -0.008666992, -0.018753052
6751495333365, ACC_UN, -0.222534180, -0.093322754, 10.210174561, 0.000000000, 0.000000000, 0.000000000
6751495333365, GYRO_UN, 0.009765625, -0.010391235, -0.019546509, 0.008666992, -0.008666992, -0.018753052
6751497805289, ACC_UN, -0.210571289, -0.083755493, 10.210174561, 0.000000000, 0.000000000, 0.000000000
6751497805289, GYRO_UN, 0.009765625, -0.011611938, -0.019546509, 0.008666992, -0.008666992, -0.018753052
6751500277213, ACC_UN, -0.227325439, -0.083755493, 10.207778931, 0.000000000, 0.000000000, 0.000000000
6751500277213, GYRO_UN, 0.009765625, -0.009170532, -0.017105103, 0.008666992, -0.008666992, -0.018753052
6751502718619, ACC_UN, -0.203384399, -0.098098755, 10.207778931, 0.000000000, 0.000000000, 0.000000000
6751502718619, GYRO_UN, 0.009765625, -0.008560181, -0.017105103, 0.008666992, -0.008666992, -0.018753052
6751505190543, ACC_UN, -0.232101440, -0.081359863, 10.195816040, 0.000000000, 0.000000000, 0.000000000
6751505190543, GYRO_UN, 0.009155273, -0.009780884, -0.017105103, 0.008666992, -0.008666992, -0.018753052
6751507631949, ACC_UN, -0.212966919, -0.074172974, 10.212570190, 0.000000000, 0.000000000, 0.000000000
6751507631949, GYRO_UN, 0.009155273, -0.009780884, -0.018936157, 0.008666992, -0.008666992, -0.018753052
6751510103873, ACC_UN, -0.210571289, -0.100494385, 10.188644409, 0.000000000, 0.000000000, 0.000000000
6751510103873, GYRO_UN, 0.008544922, -0.009780884, -0.018325806, 0.008666992, -0.008666992, -0.018753052
6751507692985, MAG_UN, 94.580841064, -53.973388672, -45.144653320, 87.498474121, -20.954895020, 5.076599121
6751512575797, ACC_UN, -0.217742920, -0.090927124, 10.217346191, 0.000000000, 0.000000000, 0.000000000
6751512575797, GYRO_UN, 0.007324219, -0.008560181, -0.018936157, 0.008666992, -0.008666992, -0.018753052
6751515017203, ACC_UN, -0.217742920, -0.076568604, 10.226928711, 0.000000000, 0.000000000, 0.000000000
6751515017203, GYRO_UN, 0.007919312, -0.009170532, -0.018325806, 0.008666992, -0.008666992, -0.018753052
6751517489127, ACC_UN, -0.236892700, -0.088531494, 10.205383301, 0.000000000, 0.000000000, 0.000000000
6751517489127, GYRO_UN, 0.007919312, -0.009170532, -0.019546509, 0.008666992, -0.008666992, -0.018753052
6751519961051, ACC_UN, -0.220138550, -0.107681274, 10.214965820, 0.000000000, 0.000000000, 0.000000000
6751519961051, GYRO_UN, 0.007919312, -0.007934570, -0.018325806, 0.008666992, -0.008666992, -0.018753052
6751522402457, ACC_UN, -0.220138550, -0.081359863, 10.195816040, 0.000000000, 0.000000000, 0.000000000
6751522402457, GYRO_UN, 0.007919312, -0.007339478, -0.017715454, 0.008666992, -0.008666992, -0.018753052
6751524874381, ACC_UN, -0.217742920, -0.093322754, 10.224533081, 0.000000000, 0.000000000, 0.000000000
6751524874381, GYRO_UN, 0.009155273, -0.009170532, -0.017105103, 0.008666992, -0.008666992, -0.018753052
6751527346305, ACC_UN, -0.224929810, -0.071777344, 10.224533081, 0.000000000, 0.000000000, 0.000000000
6751527346305, GYRO_UN, 0.008544922, -0.008560181, -0.018936157, 0.008666992, -0.008666992, -0.018753052
6751529787711, ACC_UN, -0.196212769, -0.088531494, 10.212570190, 0.000000000, 0.000000000, 0.000000000
6751529787711, GYRO_UN, 0.008544922, -0.007934570, -0.018325806, 0.008666992, -0.008666992, -0.018753052
6751524111442, BARO, 984.0273
6751527407340, MAG_UN, 94.804763794, -54.076766968, -44.810485840, 87.498474121, -20.954895020, 5.076599121
6751532259635, ACC_UN, -0.205780029, -0.090927124, 10.207778931, 0.000000000, 0.000000000, 0.000000000
6751532259635, GYRO_UN, 0.008544922, -0.008560181, -0.017715454, 0.008666992, -0.008666992, -0.018753052
6751534701041, ACC_UN, -0.210571289, -0.088531494, 10.229324341, 0.000000000, 0.000000000, 0.000000000
6751534701041, GYRO_UN, 0.007324219, -0.008560181, -0.018936157, 0.008666992, -0.008666992, -0.018753052
6751537172965, ACC_UN, -0.220138550, -0.083755493, 10.224533081, 0.000000000, 0.000000000, 0.000000000
6751537172965, GYRO_UN, 0.008544922, -0.008560181, -0.018936157, 0.008666992, -0.008666992, -0.018753052
6751539644889, ACC_UN, -0.220138550, -0.095718384, 10.226928711, 0.000000000, 0.000000000, 0.000000000
6751539644889, GYRO_UN, 0.008544922, -0.008560181, -0.019546509, 0.008666992, -0.008666992, -0.018753052
6751542086295, ACC_UN, -0.212966919, -0.090927124, 10.210174561, 0.000000000, 0.000000000, 0.000000000
6751542086295, GYRO_UN, 0.009155273, -0.008560181, -0.019546509, 0.008666992, -0.008666992, -0.018753052
6751544558219, ACC_UN, -0.220138550, -0.076568604, 10.198211670, 0.000000000, 0.000000000, 0.000000000
6751544558219, GYRO_UN, 0.008544922, -0.008560181, -0.018936157, 0.008666992, -0.008666992, -0.018753052
6751547030143, ACC_UN, -0.217742920, -0.107681274, 10.200607300, 0.000000000, 0.000000000, 0.000000000
6751547030143, GYRO_UN, 0.009155273, -0.009170532, -0.018936157, 0.008666992, -0.008666992, -0.018753052
6751549471549, ACC_UN, -0.212966919, -0.100494385, 10.214965820, 0.000000000, 0.000000000, 0.000000000
6751549471549, GYRO_UN, 0.009155273, -0.008560181, -0.019546509, 0.008666992, -0.008666992, -0.018753052
6751547365836, MAG_UN, 94.810867310, -53.928756714, -45.293426514, 87.498474121, -20.954895020, 5.076599121
6751551943473, ACC_UN, -0.208175659, -0.110076904, 10.210174561, 0.000000000, 0.000000000, 0.000000000
6751551943473, GYRO_UN, 0.008544922, -0.008560181, -0.018325806, 0.008666992, -0.008666992, -0.018753052
6751554415397, ACC_UN, -0.205780029, -0.093322754, 10.210174561, 0.000000000, 0.000000000, 0.000000000
6751554415397, GYRO_UN, 0.009155273, -0.009780884, -0.018936157, 0.008666992, -0.008666992, -0.018753052
6751556856803, ACC_UN, -0.208175659, -0.105285645, 10.224533081, 0.000000000, 0.000000000, 0.000000000
6751556856803, GYRO_UN, 0.007919312, -0.009170532, -0.017105103, 0.008666992, -0.008666992, -0.018753052
6751559328727, ACC_UN, -0.215347290, -0.090927124, 10.212570190, 0.000000000, 0.000000000, 0.000000000
6751559328727, GYRO_UN, 0.007919312, -0.007934570, -0.018936157, 0.008666992, -0.008666992, -0.018753052
6751561770133, ACC_UN, -0.198608398, -0.081359863, 10.207778931, 0.000000000, 0.000000000, 0.000000000
6751561770133, GYRO_UN, 0.007919312, -0.008560181, -0.020156860, 0.008666992, -0.008666992, -0.018753052
6751564242057, ACC_UN, -0.212966919, -0.090927124, 10.207778931, 0.000000000, 0.000000000, 0.000000000
6751564242057, GYRO_UN, 0.006698608, -0.008560181, -0.017105103, 0.008666992, -0.008666992, -0.018753052
6751566713981, ACC_UN, -0.239288330, -0.076568604, 10.222137451, 0.000000000, 0.000000000, 0.000000000
6751566713981, GYRO_UN, 0.008544922, -0.009170532, -0.018325806, 0.008666992, -0.008666992, -0.018753052
6751569155387, ACC_UN, -0.220138550, -0.095718384, 10.224533081, 0.000000000, 0.000000000, 0.000000000
6751569155387, GYRO_UN, 0.007919312, -0.009170532, -0.018325806, 0.008666992, -0.008666992, -0.018753052
6751557436637, BARO, 984.0277
6751567385367, MAG_UN, 94.725418091, -54.190826416, -45.107650757, 87.498474121, -20.954895020, 5.076599121
6751571627311, ACC_UN, -0.191421509, -0.081359863, 10.248458862, 0.000000000, 0.000000000, 0.000000000
6751571627311, GYRO_UN, 0.007324219, -0.007934570, -0.018325806, 0.008666992, -0.008666992, -0.018753052
6751574099235, ACC_UN, -0.203384399, -0.090927124, 10.217346191, 0.000000000, 0.000000000, 0.000000000
6751574099235, GYRO_UN, 0.008544922, -0.007339478, -0.018325806, 0.008666992, -0.008666992, -0.018753052
6751576540641, ACC_UN, -0.239288330, -0.086135864, 10.214965820, 0.000000000, 0.000000000, 0.000000000
6751576540641, GYRO_UN, 0.009155273, -0.009170532, -0.019546509, 0.008666992, -0.008666992, -0.018753052
6751579012565, ACC_UN, -0.227325439, -0.081359863, 10.207778931, 0.000000000, 0.000000000, 0.000000000
6751579012565, GYRO_UN, 0.007919312, -0.008560181, -0.018936157, 0.008666992, -0.008666992, -0.018753052
6751581484488, ACC_UN, -0.229705811, -0.098098755, 10.217346191, 0.000000000, 0.000000000, 0.000000000
6751581484488, GYRO_UN, 0.007919312, -0.009170532, -0.017715454, 0.008666992, -0.008666992, -0.018753052
6751583925895, ACC_UN, -0.220138550, -0.090927124, 10.214965820, 0.000000000, 0.000000000, 0.000000000
6751583925895, GYRO_UN, 0.007324219, -0.007339478, -0.018325806, 0.008666992, -0.008666992, -0.018753052
6751586397819, ACC_UN, -0.227325439, -0.083755493, 10.222137451, 0.000000000, 0.000000000, 0.000000000
6751586397819, GYRO_UN, 0.009155273, -0.009170532, -0.018325806, 0.008666992, -0.008666992, -0.018753052
6751588839225, ACC_UN, -0.227325439, -0.098098755, 10.219741821, 0.000000000, 0.000000000, 0.000000000
6751588839225, GYRO_UN, 0.009155273, -0.009170532, -0.018325806, 0.008666992, -0.008666992, -0.018753052
6751587343863, MAG_UN, 94.652175903, -54.119491577, -45.293045044, 87.498474121, -20.954895020, 5.076599121
6751591311149, ACC_UN, -0.222534180, -0.081359863, 10.191040039, 0.000000000, 0.000000000, 0.000000000
6751591311149, GYRO_UN, 0.008544922, -0.009170532, -0.018936157, 0.008666992, -0.008666992, -0.018753052
6751593783072, ACC_UN, -0.215347290, -0.083755493, 10.217346191, 0.000000000, 0.000000000, 0.000000000
6751593783072, GYRO_UN, 0.008544922, -0.009170532, -0.018936157, 0.008666992, -0.008666992, -0.018753052
6751596224479, ACC_UN, -0.222534180, -0.090927124, 10.212570190, 0.000000000, 0.000000000, 0.000000000
6751596224479, GYRO_UN, 0.009765625, -0.008560181, -0.018936157, 0.008666992, -0.008666992, -0.018753052
6751598696403, ACC_UN, -0.212966919, -0.093322754, 10.210174561, 0.000000000, 0.000000000, 0.000000000
6751598696403, GYRO_UN, 0.007919312, -0.009780884, -0.018325806, 0.008666992, -0.008666992, -0.018753052
6751601168326, ACC_UN, -0.201004028, -0.100494385, 10.203002930, 0.000000000, 0.000000000, 0.000000000
6751601168326, GYRO_UN, 0.009155273, -0.009780884, -0.020156860, 0.008666992, -0.008666992, -0.018753052
6751603609733, ACC_UN, -0.217742920, -0.090927124, 10.217346191, 0.000000000, 0.000000000, 0.000000000
6751603609733, GYRO_UN, 0.008544922, -0.009170532, -0.018325806, 0.008666992, -0.008666992, -0.018753052
6751606081656, ACC_UN, -0.212966919, -0.086135864, 10.229324341, 0.000000000, 0.000000000, 0.000000000
6751606081656, GYRO_UN, 0.007324219, -0.008560181, -0.018325806, 0.008666992, -0.008666992, -0.018753052
6751608553580, ACC_UN, -0.196212769, -0.100494385, 10.224533081, 0.000000000, 0.000000000, 0.000000000
6751608553580, GYRO_UN, 0.008544922, -0.009170532, -0.018325806, 0.008666992, -0.008666992, -0.018753052
6751590761832, BARO, 984.038
6751607363395, MAG_UN, 94.284057617, -53.722381592, -45.031738281, 87.498474121, -20.954895020, 5.076599121
6751610994986, ACC_UN, -0.210571289, -0.102890015, 10.212570190, 0.000000000, 0.000000000, 0.000000000
6751610994986, GYRO_UN, 0.008544922, -0.009780884, -0.018325806, 0.008666992, -0.008666992, -0.018753052
6751613466910, ACC_UN, -0.224929810, -0.105285645, 10.219741821, 0.000000000, 0.000000000, 0.000000000
6751613466910, GYRO_UN, 0.008544922, -0.009170532, -0.019546509, 0.008666992, -0.008666992, -0.018753052
6751615908317, ACC_UN, -0.198608398, -0.117248535, 10.231704712, 0.000000000, 0.000000000, 0.000000000
6751615908317, GYRO_UN, 0.008544922, -0.009170532, -0.019546509, 0.008666992, -0.008666992, -0.018753052
6751618380240, ACC_UN, -0.198608398, -0.078964233, 10.198211670, 0.000000000, 0.000000000, 0.000000000
6751618380240, GYRO_UN, 0.007919312, -0.009170532, -0.018936157, 0.008666992, -0.008666992, -0.018753052
6751620852164, ACC_UN, -0.217742920, -0.086135864, 10.224533081, 0.000000000, 0.000000000, 0.000000000
6751620852164, GYRO_UN, 0.007919312, -0.009170532, -0.018936157, 0.008666992, -0.008666992, -0.018753052
6751623293570, ACC_UN, -0.212966919, -0.083755493, 10.231704712, 0.000000000, 0.000000000, 0.000000000
6751623293570, GYRO_UN, 0.008544922, -0.009780884, -0.018936157, 0.008666992, -0.008666992, -0.018753052
6751625765494, ACC_UN, -0.212966919, -0.069396973, 10.241287231, 0.000000000, 0.000000000, 0.000000000
6751625765494, GYRO_UN, 0.009765625, -0.008560181, -0.020782471, 0.008666992, -0.008666992, -0.018753052
6751628237418, ACC_UN, -0.220138550, -0.093322754, 10.219741821, 0.000000000, 0.000000000, 0.000000000
6751628237418, GYRO_UN, 0.008544922, -0.008560181, -0.018936157, 0.008666992, -0.008666992, -0.018753052
6751624087028, BARO, 984.0307
6751630678824, ACC_UN, -0.210571289, -0.095718384, 10.231704712, 0.000000000, 0.000000000, 0.000000000
6751630678824, GYRO_UN, 0.009155273, -0.009170532, -0.018936157, 0.008666992, -0.008666992, -0.018753052
6751627657584, MAG_UN, 93.903350830, -53.733825684, -44.844818115, 87.498474121, -20.954895020, 5.076599121
6751633150748, ACC_UN, -0.212966919, -0.107681274, 10.229324341, 0.000000000, 0.000000000, 0.000000000
6751633150748, GYRO_UN, 0.008544922, -0.008560181, -0.016494751, 0.008666992, -0.008666992, -0.018753052
6751635622672, ACC_UN, -0.217742920, -0.098098755, 10.234100342, 0.000000000, 0.000000000, 0.000000000
6751635622672, GYRO_UN, 0.009765625, -0.009170532, -0.019546509, 0.008666992, -0.008666992, -0.018753052
6751638094596, ACC_UN, -0.210571289, -0.095718384, 10.222137451, 0.000000000, 0.000000000, 0.000000000
6751638094596, GYRO_UN, 0.009765625, -0.009780884, -0.020156860, 0.008666992, -0.008666992, -0.018753052
6751640566520, ACC_UN, -0.203384399, -0.088531494, 10.226928711, 0.000000000, 0.000000000, 0.000000000
6751640566520, GYRO_UN, 0.008544922, -0.009170532, -0.019546509, 0.008666992, -0.008666992, -0.018753052
6751643007926, ACC_UN, -0.201004028, -0.095718384, 10.198211670, 0.000000000, 0.000000000, 0.000000000
6751643007926, GYRO_UN, 0.009155273, -0.009170532, -0.018325806, 0.008666992, -0.008666992, -0.018753052
6751645479850, ACC_UN, -0.205780029, -0.102890015, 10.219741821, 0.000000000, 0.000000000, 0.000000000
6751645479850, GYRO_UN, 0.009155273, -0.007934570, -0.017715454, 0.008666992, -0.008666992, -0.018753052
6751647951774, ACC_UN, -0.217742920, -0.095718384, 10.210174561, 0.000000000, 0.000000000, 0.000000000
6751647951774, GYRO_UN, 0.009155273, -0.007934570, -0.017715454, 0.008666992, -0.008666992, -0.018753052
6751650393180, ACC_UN, -0.217742920, -0.100494385, 10.217346191, 0.000000000, 0.000000000, 0.000000000
6751650393180, GYRO_UN, 0.010375977, -0.009170532, -0.019546509, 0.008666992, -0.008666992, -0.018753052
6751647646598, MAG_UN, 93.215560913, -53.829193115, -44.509506226, 87.498474121, -20.954895020, 5.076599121
6751652865104, ACC_UN, -0.196212769, -0.102890015, 10.241287231, 0.000000000, 0.000000000, 0.000000000
6751652865104, GYRO_UN, 0.008544922, -0.009170532, -0.017715454, 0.008666992, -0.008666992, -0.018753052
6751655337028, ACC_UN, -0.198608398, -0.098098755, 10.229324341, 0.000000000, 0.000000000, 0.000000000
6751655337028, GYRO_UN, 0.007324219, -0.006713867, -0.018936157, 0.008666992, -0.008666992, -0.018753052
6751657778434, ACC_UN, -0.222534180, -0.112457275, 10.210174561, 0.000000000, 0.000000000, 0.000000000
6751657778434, GYRO_UN, 0.007919312, -0.007339478, -0.018936157, 0.008666992, -0.008666992, -0.018753052
6751660250358, ACC_UN, -0.215347290, -0.088531494, 10.226928711, 0.000000000, 0.000000000, 0.000000000
6751660250358, GYRO_UN, 0.009155273, -0.007934570, -0.019546509, 0.008666992, -0.008666992, -0.018753052
6751662722281, ACC_UN, -0.210571289, -0.095718384, 10.207778931, 0.000000000, 0.000000000, 0.000000000
6751662722281, GYRO_UN, 0.010375977, -0.010391235, -0.018936157, 0.008666992, -0.008666992, -0.018753052
6751665163688, ACC_UN, -0.212966919, -0.081359863, 10.207778931, 0.000000000, 0.000000000, 0.000000000
6751665163688, GYRO_UN, 0.008544922, -0.008560181, -0.018936157, 0.008666992, -0.008666992, -0.018753052
6751667635611, ACC_UN, -0.224929810, -0.088531494, 10.205383301, 0.000000000, 0.000000000, 0.000000000
6751667635611, GYRO_UN, 0.009155273, -0.007934570, -0.018325806, 0.008666992, -0.008666992, -0.018753052
6751670077018, ACC_UN, -0.205780029, -0.088531494, 10.214965820, 0.000000000, 0.000000000, 0.000000000
6751670077018, GYRO_UN, 0.009765625, -0.008560181, -0.018325806, 0.008666992, -0.008666992, -0.018753052
6751657412223, BARO, 984.0301
6751667849235, MAG_UN, 92.840576172, -53.579330444, -43.505096436, 87.498474121, -20.954895020, 5.076599121
6751672548942, ACC_UN, -0.210571289, -0.074172974, 10.231704712, 0.000000000, 0.000000000, 0.000000000
6751672548942, GYRO_UN, 0.009765625, -0.009780884, -0.017715454, 0.008666992, -0.008666992, -0.018753052
6751675020865, ACC_UN, -0.222534180, -0.095718384, 10.219741821, 0.000000000, 0.000000000, 0.000000000
6751675020865, GYRO_UN, 0.008544922, -0.009170532, -0.018325806, 0.008666992, -0.008666992, -0.018753052
6751677462272, ACC_UN, -0.224929810, -0.062210083, 10.229324341, 0.000000000, 0.000000000, 0.000000000
6751677462272, GYRO_UN, 0.008544922, -0.007934570, -0.017715454, 0.008666992, -0.008666992, -0.018753052
6751679934195, ACC_UN, -0.224929810, -0.081359863, 10.219741821, 0.000000000, 0.000000000, 0.000000000
6751679934195, GYRO_UN, 0.007919312, -0.008560181, -0.017715454, 0.008666992, -0.008666992, -0.018753052
6751682406119, ACC_UN, -0.224929810, -0.102890015, 10.222137451, 0.000000000, 0.000000000, 0.000000000
6751682406119, GYRO_UN, 0.007919312, -0.009170532, -0.018325806, 0.008666992, -0.008666992, -0.018753052
6751684847526, ACC_UN, -0.210571289, -0.102890015, 10.219741821, 0.000000000, 0.000000000, 0.000000000
6751684847526, GYRO_UN, 0.008544922, -0.008560181, -0.017715454, 0.008666992, -0.008666992, -0.018753052
6751687319449, ACC_UN, -0.210571289, -0.078964233, 10.200607300, 0.000000000, 0.000000000, 0.000000000
6751687319449, GYRO_UN, 0.007919312, -0.009170532, -0.018936157, 0.008666992, -0.008666992, -0.018753052
6751689791373, ACC_UN, -0.222534180, -0.088531494, 10.231704712, 0.000000000, 0.000000000, 0.000000000
6751689791373, GYRO_UN, 0.008544922, -0.010391235, -0.018936157, 0.008666992, -0.008666992, -0.018753052
6751687868766, MAG_UN, 92.236328125, -53.411865234, -42.945861816, 87.498474121, -20.954895020, 5.076599121
6751692232779, ACC_UN, -0.210571289, -0.088531494, 10.224533081, 0.000000000, 0.000000000, 0.000000000
6751692232779, GYRO_UN, 0.009765625, -0.009170532, -0.017715454, 0.008666992, -0.008666992, -0.018753052
6751694704703, ACC_UN, -0.212966919, -0.112457275, 10.229324341, 0.000000000, 0.000000000, 0.000000000
6751694704703, GYRO_UN, 0.008544922, -0.009170532, -0.017715454, 0.008666992, -0.008666992, -0.018753052
6751697146110, ACC_UN, -0.210571289, -0.088531494, 10.224533081, 0.000000000, 0.000000000, 0.000000000
6751697146110, GYRO_UN, 0.009155273, -0.006713867, -0.018936157, 0.008666992, -0.008666992, -0.018753052
6751699618033, ACC_UN, -0.224929810, -0.095718384, 10.217346191, 0.000000000, 0.000000000, 0.000000000
6751699618033, GYRO_UN, 0.008544922, -0.009780884, -0.018936157, 0.008666992, -0.008666992, -0.018753052
6751702089957, ACC_UN, -0.229705811, -0.090927124, 10.243667603, 0.000000000, 0.000000000, 0.000000000
6751702089957, GYRO_UN, 0.008544922, -0.011001587, -0.018936157, 0.008666992, -0.008666992, -0.018753052
6751704531363, ACC_UN, -0.229705811, -0.102890015, 10.246063232, 0.000000000, 0.000000000, 0.000000000
6751704531363, GYRO_UN, 0.007919312, -0.009170532, -0.017105103, 0.008666992, -0.008666992, -0.018753052
6751707003287, ACC_UN, -0.217742920, -0.081359863, 10.226928711, 0.000000000, 0.000000000, 0.000000000
6751707003287, GYRO_UN, 0.007919312, -0.008560181, -0.018325806, 0.008666992, -0.008666992, -0.018753052
6751709475211, ACC_UN, -0.217742920, -0.098098755, 10.229324341, 0.000000000, 0.000000000, 0.000000000
6751709475211, GYRO_UN, 0.008544922, -0.009170532, -0.019546509, 0.008666992, -0.008666992, -0.018753052
6751690737418, BARO, 984.0287
6751707400016, MAG_UN, 91.910934448, -52.827072144, -42.200851440, 87.498474121, -20.954895020, 5.076599121
6751711916617, ACC_UN, -0.215347290, -0.088531494, 10.224533081, 0.000000000, 0.000000000, 0.000000000
6751711916617, GYRO_UN, 0.009765625, -0.009780884, -0.018936157, 0.008666992, -0.008666992, -0.018753052
6751714388541, ACC_UN, -0.208175659, -0.112457275, 10.210174561, 0.000000000, 0.000000000, 0.000000000
6751714388541, GYRO_UN, 0.009765625, -0.008560181, -0.018936157, 0.008666992, -0.008666992, -0.018753052
6751716860465, ACC_UN, -0.208175659, -0.098098755, 10.234100342, 0.000000000, 0.000000000, 0.000000000
6751716860465, GYRO_UN, 0.009155273, -0.009780884, -0.018325806, 0.008666992, -0.008666992, -0.018753052
6751719301871, ACC_UN, -0.222534180, -0.093322754, 10.234100342, 0.000000000, 0.000000000, 0.000000000
6751719301871, GYRO_UN, 0.007919312, -0.009170532, -0.017715454, 0.008666992, -0.008666992, -0.018753052
6751721773795, ACC_UN, -0.224929810, -0.102890015, 10.214965820, 0.000000000, 0.000000000, 0.000000000
6751721773795, GYRO_UN, 0.008544922, -0.008560181, -0.018325806, 0.008666992, -0.008666992, -0.018753052
6751724215201, ACC_UN, -0.215347290, -0.107681274, 10.222137451, 0.000000000, 0.000000000, 0.000000000
6751724215201, GYRO_UN, 0.008544922, -0.008560181, -0.018936157, 0.008666992, -0.008666992, -0.018753052
6751726687125, ACC_UN, -0.205780029, -0.088531494, 10.191040039, 0.000000000, 0.000000000, 0.000000000
6751726687125, GYRO_UN, 0.008544922, -0.007934570, -0.020156860, 0.008666992, -0.008666992, -0.018753052
6751729159049, ACC_UN, -0.222534180, -0.086135864, 10.217346191, 0.000000000, 0.000000000, 0.000000000
6751729159049, GYRO_UN, 0.008544922, -0.010391235, -0.018325806, 0.008666992, -0.008666992, -0.018753052
6751724062613, BARO, 984.02246
6751727297477, MAG_UN, 91.977310181, -53.159332275, -42.573165894, 87.498474121, -20.954895020, 5.076599121
6751731600455, ACC_UN, -0.220138550, -0.102890015, 10.207778931, 0.000000000, 0.000000000, 0.000000000
6751731600455, GYRO_UN, 0.008544922, -0.009780884, -0.018325806, 0.008666992, -0.008666992, -0.018753052
6751734072379, ACC_UN, -0.205780029, -0.088531494, 10.224533081, 0.000000000, 0.000000000, 0.000000000
6751734072379, GYRO_UN, 0.008544922, -0.007934570, -0.018936157, 0.008666992, -0.008666992, -0.018753052
6751736544303, ACC_UN, -0.201004028, -0.090927124, 10.210174561, 0.000000000, 0.000000000, 0.000000000
6751736544303, GYRO_UN, 0.009155273, -0.009780884, -0.020156860, 0.008666992, -0.008666992, -0.018753052
6751738985709, ACC_UN, -0.203384399, -0.100494385, 10.222137451, 0.000000000, 0.000000000, 0.000000000
6751738985709, GYRO_UN, 0.008544922, -0.009170532, -0.018325806, 0.008666992, -0.008666992, -0.018753052
6751741457633, ACC_UN, -0.220138550, -0.083755493, 10.203002930, 0.000000000, 0.000000000, 0.000000000
6751741457633, GYRO_UN, 0.009765625, -0.009170532, -0.020156860, 0.008666992, -0.008666992, -0.018753052
6751743899039, ACC_UN, -0.229705811, -0.098098755, 10.226928711, 0.000000000, 0.000000000, 0.000000000
6751743899039, GYRO_UN, 0.007919312, -0.008560181, -0.017715454, 0.008666992, -0.008666992, -0.018753052
6751746370963, ACC_UN, -0.217742920, -0.095718384, 10.231704712, 0.000000000, 0.000000000, 0.000000000
6751746370963, GYRO_UN, 0.007919312, -0.008560181, -0.018936157, 0.008666992, -0.008666992, -0.018753052
6751748842887, ACC_UN, -0.229705811, -0.090927124, 10.229324341, 0.000000000, 0.000000000, 0.000000000
6751748842887, GYRO_UN, 0.008544922, -0.009170532, -0.018325806, 0.008666992, -0.008666992, -0.018753052
6751747255973, MAG_UN, 91.593170166, -53.282928467, -42.609786987, 87.498474121, -20.954895020, 5.076599121
6751751284293, ACC_UN, -0.227325439, -0.086135864, 10.200607300, 0.000000000, 0.000000000, 0.000000000
6751751284293, GYRO_UN, 0.007919312, -0.007934570, -0.018936157, 0.008666992, -0.008666992, -0.018753052
6751753756217, ACC_UN, -0.220138550, -0.083755493, 10.203002930, 0.000000000, 0.000000000, 0.000000000
6751753756217, GYRO_UN, 0.008544922, -0.008560181, -0.018936157, 0.008666992, -0.008666992, -0.018753052
6751756228141, ACC_UN, -0.224929810, -0.095718384, 10.214965820, 0.000000000, 0.000000000, 0.000000000
6751756228141, GYRO_UN, 0.008544922, -0.008560181, -0.018936157, 0.008666992, -0.008666992, -0.018753052
6751758669547, ACC_UN, -0.220138550, -0.100494385, 10.234100342, 0.000000000, 0.000000000, 0.000000000
6751758669547, GYRO_UN, 0.009155273, -0.009170532, -0.018936157, 0.008666992, -0.008666992, -0.018753052
6751761141471, ACC_UN, -0.208175659, -0.102890015, 10.234100342, 0.000000000, 0.000000000, 0.000000000
6751761141471, GYRO_UN, 0.008544922, -0.009170532, -0.019546509, 0.008666992, -0.008666992, -0.018753052
6751763613395, ACC_UN, -0.241668701, -0.095718384, 10.219741821, 0.000000000, 0.000000000, 0.000000000
6751763613395, GYRO_UN, 0.008544922, -0.009780884, -0.019546509, 0.008666992, -0.008666992, -0.018753052
6751766054801, ACC_UN, -0.224929810, -0.090927124, 10.212570190, 0.000000000, 0.000000000, 0.000000000
6751766054801, GYRO_UN, 0.008544922, -0.009780884, -0.018936157, 0.008666992, -0.008666992, -0.018753052
6751768526725, ACC_UN, -0.239288330, -0.095718384, 10.234100342, 0.000000000, 0.000000000, 0.000000000
6751768526725, GYRO_UN, 0.010375977, -0.010391235, -0.018325806, 0.008666992, -0.008666992, -0.018753052
6751757387809, BARO, 984.0209
6751767275504, MAG_UN, 91.897583008, -53.311538696, -43.205261230, 87.498474121, -20.954895020, 5.076599121
6751770968131, ACC_UN, -0.215347290, -0.107681274, 10.272384644, 0.000000000, 0.000000000, 0.000000000
6751770968131, GYRO_UN, 0.011596680, -0.014663696, -0.020156860, 0.008666992, -0.008666992, -0.018753052
6751773440055, ACC_UN, -0.217742920, -0.105285645, 10.224533081, 0.000000000, 0.000000000, 0.000000000
6751773440055, GYRO_UN, 0.012207031, -0.018325806, -0.018936157, 0.008666992, -0.008666992, -0.018753052
6751775911979, ACC_UN, -0.212966919, -0.076568604, 10.171890259, 0.000000000, 0.000000000, 0.000000000
6751775911979, GYRO_UN, 0.012207031, -0.017105103, -0.019546509, 0.008666992, -0.008666992, -0.018753052
6751778353385, ACC_UN, -0.203384399, -0.093322754, 10.116851807, 0.000000000, 0.000000000, 0.000000000
6751778353385, GYRO_UN, 0.011596680, -0.014053345, -0.019546509, 0.008666992, -0.008666992, -0.018753052
6751780825309, ACC_UN, -0.208175659, -0.086135864, 10.147964478, 0.000000000, 0.000000000, 0.000000000
6751780825309, GYRO_UN, 0.007324219, -0.009780884, -0.019546509, 0.008666992, -0.008666992, -0.018753052
6751783297233, ACC_UN, -0.236892700, -0.093322754, 10.265213013, 0.000000000, 0.000000000, 0.000000000
6751783297233, GYRO_UN, 0.006698608, -0.008560181, -0.018325806, 0.008666992, -0.008666992, -0.018753052
6751785738639, ACC_UN, -0.212966919, -0.100494385, 10.308273315, 0.000000000, 0.000000000, 0.000000000
6751785738639, GYRO_UN, 0.009155273, -0.011001587, -0.018325806, 0.008666992, -0.008666992, -0.018753052
6751788210563, ACC_UN, -0.203384399, -0.100494385, 10.277175903, 0.000000000, 0.000000000, 0.000000000
6751788210563, GYRO_UN, 0.010986328, -0.012222290, -0.018936157, 0.008666992, -0.008666992, -0.018753052
6751790651969, ACC_UN, -0.224929810, -0.095718384, 10.203002930, 0.000000000, 0.000000000, 0.000000000
6751790651969, GYRO_UN, 0.012207031, -0.013442993, -0.018936157, 0.008666992, -0.008666992, -0.018753052
6751787539176, MAG_UN, 92.081069946, -53.528213501, -43.280410767, 87.498474121, -20.954895020, 5.076599121
6751793123893, ACC_UN, -0.205780029, -0.088531494, 10.167098999, 0.000000000, 0.000000000, 0.000000000
6751793123893, GYRO_UN, 0.009155273, -0.013442993, -0.018325806, 0.008666992, -0.008666992, -0.018753052
6751795595817, ACC_UN, -0.203384399, -0.090927124, 10.171890259, 0.000000000, 0.000000000, 0.000000000
6751795595817, GYRO_UN, 0.009155273, -0.011001587, -0.017105103, 0.008666992, -0.008666992, -0.018753052
6751798037223, ACC_UN, -0.203384399, -0.093322754, 10.224533081, 0.000000000, 0.000000000, 0.000000000
6751798037223, GYRO_UN, 0.007919312, -0.009780884, -0.018325806, 0.008666992, -0.008666992, -0.018753052
6751800509147, ACC_UN, -0.198608398, -0.081359863, 10.258026123, 0.000000000, 0.000000000, 0.000000000
6751800509147, GYRO_UN, 0.009155273, -0.011001587, -0.020782471, 0.008666992, -0.008666992, -0.018753052
6751802981070, ACC_UN, -0.205780029, -0.088531494, 10.229324341, 0.000000000, 0.000000000, 0.000000000
6751802981070, GYRO_UN, 0.010986328, -0.009170532, -0.018325806, 0.008666992, -0.008666992, -0.018753052
6751805422477, ACC_UN, -0.201004028, -0.083755493, 10.205383301, 0.000000000, 0.000000000, 0.000000000
6751805422477, GYRO_UN, 0.009155273, -0.009780884, -0.017715454, 0.008666992, -0.008666992, -0.018753052
6751807894401, ACC_UN, -0.208175659, -0.107681274, 10.224533081, 0.000000000, 0.000000000, 0.000000000
6751807894401, GYRO_UN, 0.009765625, -0.008560181, -0.018936157, 0.008666992, -0.008666992, -0.018753052
6751810335807, ACC_UN, -0.224929810, -0.105285645, 10.193420410, 0.000000000, 0.000000000, 0.000000000
6751810335807, GYRO_UN, 0.007919312, -0.008560181, -0.019546509, 0.008666992, -0.008666992, -0.018753052
6751790713004, BARO, 984.0244
6751807619742, MAG_UN, 92.293167114, -52.816390991, -43.093490601, 87.498474121, -20.954895020, 5.076599121
6751812807731, ACC_UN, -0.229705811, -0.086135864, 10.226928711, 0.000000000, 0.000000000, 0.000000000
6751812807731, GYRO_UN, 0.007919312, -0.008560181, -0.017715454, 0.008666992, -0.008666992, -0.018753052
6751815279654, ACC_UN, -0.239288330, -0.081359863, 10.207778931, 0.000000000, 0.000000000, 0.000000000
6751815279654, GYRO_UN, 0.009155273, -0.008560181, -0.017105103, 0.008666992, -0.008666992, -0.018753052
6751817751578, ACC_UN, -0.224929810, -0.088531494, 10.205383301, 0.000000000, 0.000000000, 0.000000000
6751817751578, GYRO_UN, 0.007919312, -0.009170532, -0.020156860, 0.008666992, -0.008666992, -0.018753052
6751820192985, ACC_UN, -0.222534180, -0.093322754, 10.191040039, 0.000000000, 0.000000000, 0.000000000
6751820192985, GYRO_UN, 0.008544922, -0.008560181, -0.020156860, 0.008666992, -0.008666992, -0.018753052
6751822664908, ACC_UN, -0.232101440, -0.090927124, 10.198211670, 0.000000000, 0.000000000, 0.000000000
6751822664908, GYRO_UN, 0.007919312, -0.007339478, -0.018325806, 0.008666992, -0.008666992, -0.018753052
6751825106315, ACC_UN, -0.222534180, -0.102890015, 10.195816040, 0.000000000, 0.000000000, 0.000000000
6751825106315, GYRO_UN, 0.007919312, -0.006118774, -0.019546509, 0.008666992, -0.008666992, -0.018753052
6751827578238, ACC_UN, -0.217742920, -0.112457275, 10.203002930, 0.000000000, 0.000000000, 0.000000000
6751827578238, GYRO_UN, 0.007324219, -0.005493164, -0.018936157, 0.008666992, -0.008666992, -0.018753052
6751830050162, ACC_UN, -0.205780029, -0.093322754, 10.222137451, 0.000000000, 0.000000000, 0.000000000
6751830050162, GYRO_UN, 0.006103516, -0.005493164, -0.017105103, 0.008666992, -0.008666992, -0.018753052
6751824038199, BARO, 984.0334
6751827517203, MAG_UN, 92.355728149, -53.259658813, -43.280029297, 87.498474121, -20.954895020, 5.076599121
6751832491569, ACC_UN, -0.220138550, -0.093322754, 10.241287231, 0.000000000, 0.000000000, 0.000000000
6751832491569, GYRO_UN, 0.007919312, -0.004898071, -0.017715454, 0.008666992, -0.008666992, -0.018753052
6751834963492, ACC_UN, -0.227325439, -0.093322754, 10.241287231, 0.000000000, 0.000000000, 0.000000000
6751834963492, GYRO_UN, 0.007919312, -0.006118774, -0.018936157, 0.008666992, -0.008666992, -0.018753052
6751837435416, ACC_UN, -0.215347290, -0.088531494, 10.224533081, 0.000000000, 0.000000000, 0.000000000
6751837435416, GYRO_UN, 0.007324219, -0.005493164, -0.018936157, 0.008666992, -0.008666992, -0.018753052
6751839876822, ACC_UN, -0.208175659, -0.090927124, 10.234100342, 0.000000000, 0.000000000, 0.000000000
6751839876822, GYRO_UN, 0.007919312, -0.005493164, -0.017105103, 0.008666992, -0.008666992, -0.018753052
6751842348746, ACC_UN, -0.220138550, -0.105285645, 10.238891602, 0.000000000, 0.000000000, 0.000000000
6751842348746, GYRO_UN, 0.006698608, -0.003051758, -0.017105103, 0.008666992, -0.008666992, -0.018753052
6751844820670, ACC_UN, -0.227325439, -0.078964233, 10.241287231, 0.000000000, 0.000000000, 0.000000000
6751844820670, GYRO_UN, 0.006103516, -0.003051758, -0.019546509, 0.008666992, -0.008666992, -0.018753052
6751847262076, ACC_UN, -0.196212769, -0.112457275, 10.229324341, 0.000000000, 0.000000000, 0.000000000
6751847262076, GYRO_UN, 0.007324219, -0.006118774, -0.018325806, 0.008666992, -0.008666992, -0.018753052
6751849734000, ACC_UN, -0.212966919, -0.107681274, 10.243667603, 0.000000000, 0.000000000, 0.000000000
6751849734000, GYRO_UN, 0.007919312, -0.006713867, -0.018325806, 0.008666992, -0.008666992, -0.018753052
6751847536735, MAG_UN, 92.050552368, -53.306198120, -43.242263794, 87.498474121, -20.954895020, 5.076599121
6751852175406, ACC_UN, -0.201004028, -0.110076904, 10.229324341, 0.000000000, 0.000000000, 0.000000000
6751852175406, GYRO_UN, 0.008544922, -0.009170532, -0.019546509, 0.008666992, -0.008666992, -0.018753052
6751854647330, ACC_UN, -0.205780029, -0.093322754, 10.200607300, 0.000000000, 0.000000000, 0.000000000
6751854647330, GYRO_UN, 0.008544922, -0.009780884, -0.018936157, 0.008666992, -0.008666992, -0.018753052
6751857119254, ACC_UN, -0.201004028, -0.105285645, 10.195816040, 0.000000000, 0.000000000, 0.000000000
6751857119254, GYRO_UN, 0.009155273, -0.008560181, -0.018325806, 0.008666992, -0.008666992, -0.018753052
6751859560660, ACC_UN, -0.201004028, -0.105285645, 10.207778931, 0.000000000, 0.000000000, 0.000000000
6751859560660, GYRO_UN, 0.009155273, -0.009170532, -0.018325806, 0.008666992, -0.008666992, -0.018753052
6751862032584, ACC_UN, -0.212966919, -0.081359863, 10.234100342, 0.000000000, 0.000000000, 0.000000000
6751862032584, GYRO_UN, 0.009155273, -0.009170532, -0.018936157, 0.008666992, -0.008666992, -0.018753052
6751864504508, ACC_UN, -0.220138550, -0.110076904, 10.224533081, 0.000000000, 0.000000000, 0.000000000
6751864504508, GYRO_UN, 0.007919312, -0.008560181, -0.018325806, 0.008666992, -0.008666992, -0.018753052
6751866945914, ACC_UN, -0.220138550, -0.076568604, 10.217346191, 0.000000000, 0.000000000, 0.000000000
6751866945914, GYRO_UN, 0.008544922, -0.008560181, -0.018936157, 0.008666992, -0.008666992, -0.018753052
6751869417838, ACC_UN, -0.196212769, -0.088531494, 10.214965820, 0.000000000, 0.000000000, 0.000000000
6751869417838, GYRO_UN, 0.007919312, -0.009170532, -0.018936157, 0.008666992, -0.008666992, -0.018753052
6751857363395, BARO, 984.0419
6751867220572, MAG_UN, 92.097473145, -53.007507324, -43.019485474, 87.498474121, -20.954895020, 5.076599121
6751871889762, ACC_UN, -0.227325439, -0.100494385, 10.222137451, 0.000000000, 0.000000000, 0.000000000
6751871889762, GYRO_UN, 0.007919312, -0.009170532, -0.018325806, 0.008666992, -0.008666992, -0.018753052
6751874331168, ACC_UN, -0.222534180, -0.078964233, 10.224533081, 0.000000000, 0.000000000, 0.000000000
6751874331168, GYRO_UN, 0.006698608, -0.009170532, -0.017715454, 0.008666992, -0.008666992, -0.018753052
6751876803092, ACC_UN, -0.212966919, -0.095718384, 10.253250122, 0.000000000, 0.000000000, 0.000000000
6751876803092, GYRO_UN, 0.008544922, -0.009170532, -0.019546509, 0.008666992, -0.008666992, -0.018753052
6751879244498, ACC_UN, -0.222534180, -0.098098755, 10.246063232, 0.000000000, 0.000000000, 0.000000000
6751879244498, GYRO_UN, 0.009765625, -0.009170532, -0.018325806, 0.008666992, -0.008666992, -0.018753052
6751881716422, ACC_UN, -0.232101440, -0.093322754, 10.226928711, 0.000000000, 0.000000000, 0.000000000
6751881716422, GYRO_UN, 0.008544922, -0.007934570, -0.018936157, 0.008666992, -0.008666992, -0.018753052
6751884188346, ACC_UN, -0.229705811, -0.076568604, 10.222137451, 0.000000000, 0.000000000, 0.000000000
6751884188346, GYRO_UN, 0.008544922, -0.007934570, -0.018936157, 0.008666992, -0.008666992, -0.018753052
